best_validation_mse,condition,memory_freeze_step,memory_protocol,memory_trace_points,parameter_count,run_id,run_path,scale,seed,status,task,test_mae,test_mse,total_seconds,train_mse,trainable_parameter_count,training_samples,training_steps,validation_mae,validation_mse,variant
0.016242189347394742,recurring,,joint,0,1000000,p4_prototype_switch_recurring_D0_M_s260772,/blue/uf-dsi/rvalle1/KAM/results/phase4/factorial_screen/runs/p4_prototype_switch_recurring_D0_M_s260772,M,260772,complete,prototype_switch,0.10397324291989207,0.024811330418742727,2.25716716889292,0.02868794531968888,1000000,7680,480,0.11636492540128529,0.027969591901637614,D0
0.020832752517890185,recurring,,joint,0,1000000,p4_prototype_switch_recurring_D0_M_s827599,/blue/uf-dsi/rvalle1/KAM/results/phase4/factorial_screen/runs/p4_prototype_switch_recurring_D0_M_s827599,M,827599,complete,prototype_switch,0.1997009590268135,0.06583084291196428,2.3514795722439885,0.046281803253805265,1000000,7680,480,0.17516134958714247,0.05345203896285966,D0
0.028784309769980608,recurring,,joint,0,250000,p4_prototype_switch_recurring_D0_S_s27197,/blue/uf-dsi/rvalle1/KAM/results/phase4/factorial_screen/runs/p4_prototype_switch_recurring_D0_S_s27197,S,27197,complete,prototype_switch,0.18699637154738108,0.05131059202055136,1.3010437982156873,0.04509877491121491,250000,7680,240,0.1586078147093455,0.038847133548309404,D0
0.04986287665863832,recurring,,joint,0,250000,p4_prototype_switch_recurring_D0_S_s803867,/blue/uf-dsi/rvalle1/KAM/results/phase4/factorial_screen/runs/p4_prototype_switch_recurring_D0_S_s803867,S,803867,complete,prototype_switch,0.17504162788391114,0.04808858269825578,1.6817867890931666,0.049125675888111196,250000,7680,240,0.19865241547425588,0.0588761401673158,D0
0.027195683651370928,recurring,,joint,13,1000000,p4_prototype_switch_recurring_DDmb_M_s260772,/blue/uf-dsi/rvalle1/KAM/results/phase4/factorial_screen/runs/p4_prototype_switch_recurring_DDmb_M_s260772,M,260772,complete,prototype_switch,0.11612027790397406,0.02240889448148664,3.445700054988265,0.023102790291886777,1000000,7680,480,0.1457359162159264,0.03134480072185397,DD-b
0.01947753159038257,recurring,,joint,13,1000000,p4_prototype_switch_recurring_DDmb_M_s827599,/blue/uf-dsi/rvalle1/KAM/results/phase4/factorial_screen/runs/p4_prototype_switch_recurring_DDmb_M_s827599,M,827599,complete,prototype_switch,0.11864507524296641,0.026138616012758575,3.645161702763289,0.015144416625844315,1000000,7680,480,0.1013063209829852,0.01947753159038257,DD-b
0.03334957752376795,recurring,,joint,13,250000,p4_prototype_switch_recurring_DDmb_S_s27197,/blue/uf-dsi/rvalle1/KAM/results/phase4/factorial_screen/runs/p4_prototype_switch_recurring_DDmb_S_s27197,S,27197,complete,prototype_switch,0.20259857873121898,0.05919548024733861,2.17666457220912,0.05282192320252458,250000,7680,240,0.17477642794450124,0.04592408575505639,DD-b
0.05001301144560178,recurring,,joint,13,250000,p4_prototype_switch_recurring_DDmb_S_s803867,/blue/uf-dsi/rvalle1/KAM/results/phase4/factorial_screen/runs/p4_prototype_switch_recurring_DDmb_S_s803867,S,803867,complete,prototype_switch,0.17380124429861704,0.047576265906294185,2.1213679029606283,0.049931892581904926,250000,7680,240,0.1983092149098714,0.05922600651780764,DD-b
0.023994813149329275,recurring,360,warmup_then_freeze,14,1000000,p4_prototype_switch_recurring_DDmbmstaged_M_s260772,/blue/uf-dsi/rvalle1/KAM/results/phase4/factorial_screen/runs/p4_prototype_switch_recurring_DDmbmstaged_M_s260772,M,260772,complete,prototype_switch,0.10975599847733974,0.022825844556791708,3.5604904158972204,0.023282227397430688,993856,7680,480,0.12920048856176436,0.027435081341536716,DD-b-staged
0.021811667422298342,recurring,360,warmup_then_freeze,14,1000000,p4_prototype_switch_recurring_DDmbmstaged_M_s827599,/blue/uf-dsi/rvalle1/KAM/results/phase4/factorial_screen/runs/p4_prototype_switch_recurring_DDmbmstaged_M_s827599,M,827599,complete,prototype_switch,0.13481258042156696,0.030731549457414076,3.4736530110239983,0.018297840681043454,993856,7680,480,0.11901523114647716,0.024588226806372404,DD-b-staged
0.03261222308501601,recurring,180,warmup_then_freeze,14,250000,p4_prototype_switch_recurring_DDmbmstaged_S_s27197,/blue/uf-dsi/rvalle1/KAM/results/phase4/factorial_screen/runs/p4_prototype_switch_recurring_DDmbmstaged_S_s27197,S,27197,complete,prototype_switch,0.17219398617744447,0.044992777581016226,2.27062228997238,0.0399943629745394,247952,7680,240,0.14412484268347422,0.03261222308501601,DD-b-staged
0.050051707029342654,recurring,180,warmup_then_freeze,14,250000,p4_prototype_switch_recurring_DDmbmstaged_S_s803867,/blue/uf-dsi/rvalle1/KAM/results/phase4/factorial_screen/runs/p4_prototype_switch_recurring_DDmbmstaged_S_s803867,S,803867,complete,prototype_switch,0.16601621210575104,0.04499339520310362,2.187278619967401,0.046917766565456986,247952,7680,240,0.18945876161257427,0.056024729087948796,DD-b-staged
0.027135158918099478,recurring,,joint,13,1000000,p4_prototype_switch_recurring_RFmb_M_s260772,/blue/uf-dsi/rvalle1/KAM/results/phase4/factorial_screen/runs/p4_prototype_switch_recurring_RFmb_M_s260772,M,260772,complete,prototype_switch,0.1157188096549362,0.02231856234720908,3.41413477412425,0.023081365652615204,993856,7680,480,0.1452535567805171,0.031202781479805708,RF-b
0.019516443193424493,recurring,,joint,13,1000000,p4_prototype_switch_recurring_RFmb_M_s827599,/blue/uf-dsi/rvalle1/KAM/results/phase4/factorial_screen/runs/p4_prototype_switch_recurring_RFmb_M_s827599,M,827599,complete,prototype_switch,0.11886209470685571,0.026178049578447826,3.4981811470352113,0.01524899913056288,993856,7680,480,0.10092559375334531,0.019516443193424493,RF-b
0.03333285671348373,recurring,,joint,13,250000,p4_prototype_switch_recurring_RFmb_S_s27197,/blue/uf-dsi/rvalle1/KAM/results/phase4/factorial_screen/runs/p4_prototype_switch_recurring_RFmb_S_s27197,S,27197,complete,prototype_switch,0.20228868424892427,0.059157053877909975,2.263080069096759,0.052856539376080036,247952,7680,240,0.17442350288232167,0.045701534440740946,RF-b
0.050408110270897546,recurring,,joint,13,250000,p4_prototype_switch_recurring_RFmb_S_s803867,/blue/uf-dsi/rvalle1/KAM/results/phase4/factorial_screen/runs/p4_prototype_switch_recurring_RFmb_S_s803867,S,803867,complete,prototype_switch,0.1731753925482432,0.0473500145599246,2.1262938079889864,0.04963535078180333,247952,7680,240,0.19768246511618295,0.059002614269653954,RF-b
0.03518890842678957,separated,,joint,0,1000000,p4_prototype_switch_separated_D0_M_s448447,/blue/uf-dsi/rvalle1/KAM/results/phase4/factorial_screen/runs/p4_prototype_switch_separated_D0_M_s448447,M,448447,complete,prototype_switch,0.15326447202824056,0.030940528609789908,2.044587996788323,0.021969791072478984,1000000,7680,480,0.1463377244072035,0.03518890842678957,D0
0.02926794685481582,separated,,joint,0,1000000,p4_prototype_switch_separated_D0_M_s774672,/blue/uf-dsi/rvalle1/KAM/results/phase4/factorial_screen/runs/p4_prototype_switch_separated_D0_M_s774672,M,774672,complete,prototype_switch,0.119577954756096,0.025592584308469668,2.0576612290460616,0.025653969642007723,1000000,7680,480,0.12447897880338132,0.02926794685481582,D0
0.07951773342986902,separated,,joint,0,250000,p4_prototype_switch_separated_D0_S_s32679,/blue/uf-dsi/rvalle1/KAM/results/phase4/factorial_screen/runs/p4_prototype_switch_separated_D0_S_s32679,S,32679,complete,prototype_switch,0.21101925373077393,0.06851136063536008,1.2191580790095031,0.04592614869276682,250000,7680,240,0.2101416657368342,0.07951773342986902,D0
0.05223293788731098,separated,,joint,0,250000,p4_prototype_switch_separated_D0_S_s39479,/blue/uf-dsi/rvalle1/KAM/results/phase4/factorial_screen/runs/p4_prototype_switch_separated_D0_S_s39479,S,39479,complete,prototype_switch,0.2580715239048004,0.08961309144894282,1.226242887089029,0.04225073452107608,250000,7680,240,0.20653503884871802,0.06442275146643321,D0
0.03782746662909631,separated,,joint,13,1000000,p4_prototype_switch_separated_DDmb_M_s448447,/blue/uf-dsi/rvalle1/KAM/results/phase4/factorial_screen/runs/p4_prototype_switch_separated_DDmb_M_s448447,M,448447,complete,prototype_switch,0.15951785002835095,0.037329295300878584,3.494789596181363,0.029514738023863174,1000000,7680,480,0.155805995920673,0.038677494769217446,DD-b
0.02476523761288263,separated,,joint,13,1000000,p4_prototype_switch_separated_DDmb_M_s774672,/blue/uf-dsi/rvalle1/KAM/results/phase4/factorial_screen/runs/p4_prototype_switch_separated_DDmb_M_s774672,M,774672,complete,prototype_switch,0.12448389548808336,0.023916821490274742,3.465428831987083,0.02583327909815125,1000000,7680,480,0.11245268606580794,0.02476523761288263,DD-b
0.0792477447539568,separated,,joint,13,250000,p4_prototype_switch_separated_DDmb_S_s32679,/blue/uf-dsi/rvalle1/KAM/results/phase4/factorial_screen/runs/p4_prototype_switch_separated_DDmb_S_s32679,S,32679,complete,prototype_switch,0.2500909099976222,0.08509146670500438,2.1519042858853936,0.037935671396553516,250000,7680,240,0.21762113769849142,0.0792477447539568,DD-b
0.050132666776577635,separated,,joint,13,250000,p4_prototype_switch_separated_DDmb_S_s39479,/blue/uf-dsi/rvalle1/KAM/results/phase4/factorial_screen/runs/p4_prototype_switch_separated_DDmb_S_s39479,S,39479,complete,prototype_switch,0.2487939735253652,0.08278930336236953,2.1743349118623883,0.037171009190691016,250000,7680,240,0.19798559794823328,0.05961619739731153,DD-b
0.03527335831313394,separated,360,warmup_then_freeze,14,1000000,p4_prototype_switch_separated_DDmbmstaged_M_s448447,/blue/uf-dsi/rvalle1/KAM/results/phase4/factorial_screen/runs/p4_prototype_switch_separated_DDmbmstaged_M_s448447,M,448447,complete,prototype_switch,0.13404614268802106,0.025513858039630577,3.574749856023118,0.034353867420577444,993856,7680,480,0.14952130382880569,0.03527335831313394,DD-b-staged
0.02697543909016531,separated,360,warmup_then_freeze,14,1000000,p4_prototype_switch_separated_DDmbmstaged_M_s774672,/blue/uf-dsi/rvalle1/KAM/results/phase4/factorial_screen/runs/p4_prototype_switch_separated_DDmbmstaged_M_s774672,M,774672,complete,prototype_switch,0.14732609456405044,0.03080324863549322,3.8613157547079027,0.01816208628588356,993856,7680,480,0.11698203498963267,0.02697543909016531,DD-b-staged
0.06766011004025738,separated,180,warmup_then_freeze,14,250000,p4_prototype_switch_separated_DDmbmstaged_S_s32679,/blue/uf-dsi/rvalle1/KAM/results/phase4/factorial_screen/runs/p4_prototype_switch_separated_DDmbmstaged_S_s32679,S,32679,complete,prototype_switch,0.19739664395650228,0.05528133610884348,2.1678737909533083,0.05137026930848757,247952,7680,240,0.1983952482541402,0.06766011004025738,DD-b-staged
0.050132666776577635,separated,180,warmup_then_freeze,14,250000,p4_prototype_switch_separated_DDmbmstaged_S_s39479,/blue/uf-dsi/rvalle1/KAM/results/phase4/factorial_screen/runs/p4_prototype_switch_separated_DDmbmstaged_S_s39479,S,39479,complete,prototype_switch,0.2509419391552607,0.08391197050611178,2.1876122639514506,0.0366734320220227,247952,7680,240,0.19593914598226547,0.059790451700488724,DD-b-staged
0.03762951437965967,separated,,joint,13,1000000,p4_prototype_switch_separated_RFmb_M_s448447,/blue/uf-dsi/rvalle1/KAM/results/phase4/factorial_screen/runs/p4_prototype_switch_separated_RFmb_M_s448447,M,448447,complete,prototype_switch,0.15970875741913915,0.03751550056040287,3.430290459189564,0.02913257261388935,993856,7680,480,0.1554976503830403,0.03865852701710537,RF-b
0.02482963319926057,separated,,joint,13,1000000,p4_prototype_switch_separated_RFmb_M_s774672,/blue/uf-dsi/rvalle1/KAM/results/phase4/factorial_screen/runs/p4_prototype_switch_separated_RFmb_M_s774672,M,774672,complete,prototype_switch,0.12452008668333292,0.02396421242156066,3.461400769650936,0.02588729305716697,993856,7680,480,0.11266482097562402,0.02482963319926057,RF-b
0.07942049698904156,separated,,joint,13,250000,p4_prototype_switch_separated_RFmb_S_s32679,/blue/uf-dsi/rvalle1/KAM/results/phase4/factorial_screen/runs/p4_prototype_switch_separated_RFmb_S_s32679,S,32679,complete,prototype_switch,0.25013055006663004,0.08498041679461797,2.096334627829492,0.03803256689570844,247952,7680,240,0.21774971385796865,0.07942049698904156,RF-b
0.05028077512979508,separated,,joint,13,250000,p4_prototype_switch_separated_RFmb_S_s39479,/blue/uf-dsi/rvalle1/KAM/results/phase4/factorial_screen/runs/p4_prototype_switch_separated_RFmb_S_s39479,S,39479,complete,prototype_switch,0.24902471800645193,0.08286466946204503,2.0815655821934342,0.03723386500496417,247952,7680,240,0.19807835469643276,0.059645804762840274,RF-b
0.004745815098431194,recurring,,joint,0,1000000,p4_switching_mackey_glass_recurring_D0_M_s20688,/blue/uf-dsi/rvalle1/KAM/results/phase4/factorial_screen/runs/p4_switching_mackey_glass_recurring_D0_M_s20688,M,20688,complete,switching_mackey_glass,0.06529410905204713,0.006940009458048735,1.9843657731544226,0.006188377839862369,1000000,7680,480,0.06404356425628066,0.00668600376957329,D0
0.004075404609466204,recurring,,joint,0,1000000,p4_switching_mackey_glass_recurring_D0_M_s542959,/blue/uf-dsi/rvalle1/KAM/results/phase4/factorial_screen/runs/p4_switching_mackey_glass_recurring_D0_M_s542959,M,542959,complete,switching_mackey_glass,0.05059699894627556,0.004018162697320804,2.0347505051176995,0.003829502224107273,1000000,7680,480,0.05113934038672596,0.004075404609466204,D0
0.008990548846001426,recurring,,joint,0,250000,p4_switching_mackey_glass_recurring_D0_S_s594644,/blue/uf-dsi/rvalle1/KAM/results/phase4/factorial_screen/runs/p4_switching_mackey_glass_recurring_D0_S_s594644,S,594644,complete,switching_mackey_glass,0.08510748172799747,0.01044220266242822,1.2180839967913926,0.013803904759697616,250000,7680,240,0.07853655616442362,0.008990548846001426,D0
0.006036455292875568,recurring,,joint,0,250000,p4_switching_mackey_glass_recurring_D0_S_s922467,/blue/uf-dsi/rvalle1/KAM/results/phase4/factorial_screen/runs/p4_switching_mackey_glass_recurring_D0_S_s922467,S,922467,complete,switching_mackey_glass,0.06457150677839915,0.006561124805981914,1.2178060952574015,0.008752361570562547,250000,7680,240,0.06089738483230273,0.006037327026327451,D0
0.003652169978522579,recurring,,joint,13,1000000,p4_switching_mackey_glass_recurring_DDmb_M_s20688,/blue/uf-dsi/rvalle1/KAM/results/phase4/factorial_screen/runs/p4_switching_mackey_glass_recurring_DDmb_M_s20688,M,20688,complete,switching_mackey_glass,0.04816094471607357,0.0036700013297377154,4.26268712291494,0.0033554888650542125,1000000,7680,480,0.04756619437830523,0.003652169978522579,DD-b
0.004943158230162226,recurring,,joint,13,1000000,p4_switching_mackey_glass_recurring_DDmb_M_s542959,/blue/uf-dsi/rvalle1/KAM/results/phase4/factorial_screen/runs/p4_switching_mackey_glass_recurring_DDmb_M_s542959,M,542959,complete,switching_mackey_glass,0.06348349491599947,0.005934612185228616,4.171345250215381,0.0067194892253610305,1000000,7680,480,0.06959164561703801,0.006951813902560389,DD-b
0.0067383879174788795,recurring,,joint,13,250000,p4_switching_mackey_glass_recurring_DDmb_S_s594644,/blue/uf-dsi/rvalle1/KAM/results/phase4/factorial_screen/runs/p4_switching_mackey_glass_recurring_DDmb_S_s594644,S,594644,complete,switching_mackey_glass,0.06494318222006162,0.0064318367590506876,2.111382378730923,0.009428398596355692,250000,7680,240,0.06676743552088737,0.0067383879174788795,DD-b
0.00648443525036176,recurring,,joint,13,250000,p4_switching_mackey_glass_recurring_DDmb_S_s922467,/blue/uf-dsi/rvalle1/KAM/results/phase4/factorial_screen/runs/p4_switching_mackey_glass_recurring_DDmb_S_s922467,S,922467,complete,switching_mackey_glass,0.06131993358333906,0.006337634675825636,2.449554956983775,0.010032651557897529,250000,7680,240,0.06378847782810529,0.006566716358065605,DD-b
0.003613625247453456,recurring,360,warmup_then_freeze,14,1000000,p4_switching_mackey_glass_recurring_DDmbmstaged_M_s20688,/blue/uf-dsi/rvalle1/KAM/results/phase4/factorial_screen/runs/p4_switching_mackey_glass_recurring_DDmbmstaged_M_s20688,M,20688,complete,switching_mackey_glass,0.06058946717530489,0.005931212166615296,3.599882810842246,0.005213141477725003,993856,7680,480,0.06046267272904515,0.006001420253596734,DD-b-staged
0.005035310379753355,recurring,360,warmup_then_freeze,14,1000000,p4_switching_mackey_glass_recurring_DDmbmstaged_M_s542959,/blue/uf-dsi/rvalle1/KAM/results/phase4/factorial_screen/runs/p4_switching_mackey_glass_recurring_DDmbmstaged_M_s542959,M,542959,complete,switching_mackey_glass,0.05248902575112879,0.004483143940888112,4.250307126902044,0.004711547062470345,993856,7680,480,0.05541101103881374,0.005035310379753355,DD-b-staged
0.006054745567962527,recurring,180,warmup_then_freeze,14,250000,p4_switching_mackey_glass_recurring_DDmbmstaged_S_s594644,/blue/uf-dsi/rvalle1/KAM/results/phase4/factorial_screen/runs/p4_switching_mackey_glass_recurring_DDmbmstaged_S_s594644,S,594644,complete,switching_mackey_glass,0.0652247133354346,0.0062751707000037035,2.156011546961963,0.009443105984246358,247952,7680,240,0.06478610361615816,0.006054745567962527,DD-b-staged
0.006361377254749338,recurring,180,warmup_then_freeze,14,250000,p4_switching_mackey_glass_recurring_DDmbmstaged_S_s922467,/blue/uf-dsi/rvalle1/KAM/results/phase4/factorial_screen/runs/p4_switching_mackey_glass_recurring_DDmbmstaged_S_s922467,S,922467,complete,switching_mackey_glass,0.05956896121303241,0.005863634784085055,2.1768283350393176,0.009902648938198885,247952,7680,240,0.0633212591211001,0.006361377254749338,DD-b-staged
0.003687289279696415,recurring,,joint,13,1000000,p4_switching_mackey_glass_recurring_RFmb_M_s20688,/blue/uf-dsi/rvalle1/KAM/results/phase4/factorial_screen/runs/p4_switching_mackey_glass_recurring_RFmb_M_s20688,M,20688,complete,switching_mackey_glass,0.04833288153167814,0.003701476865899167,4.00237709004432,0.0033825901118689217,993856,7680,480,0.047754494880791754,0.003687289279696415,RF-b
0.004902578340988839,recurring,,joint,13,1000000,p4_switching_mackey_glass_recurring_RFmb_M_s542959,/blue/uf-dsi/rvalle1/KAM/results/phase4/factorial_screen/runs/p4_switching_mackey_glass_recurring_RFmb_M_s542959,M,542959,complete,switching_mackey_glass,0.06350723467767239,0.005936428511631675,3.9174331692047417,0.006713076036248822,993856,7680,480,0.06960245769005269,0.006942213163711131,RF-b
0.00665712277404964,recurring,,joint,13,250000,p4_switching_mackey_glass_recurring_RFmb_S_s594644,/blue/uf-dsi/rvalle1/KAM/results/phase4/factorial_screen/runs/p4_switching_mackey_glass_recurring_RFmb_S_s594644,S,594644,complete,switching_mackey_glass,0.0643969126045704,0.00640636351890862,2.418449819087982,0.009527229995001107,247952,7680,240,0.06632158706585566,0.00665712277404964,RF-b
0.006501509264732401,recurring,,joint,13,250000,p4_switching_mackey_glass_recurring_RFmb_S_s922467,/blue/uf-dsi/rvalle1/KAM/results/phase4/factorial_screen/runs/p4_switching_mackey_glass_recurring_RFmb_S_s922467,S,922467,complete,switching_mackey_glass,0.06192375868558884,0.006458632663513223,2.1097390751820058,0.010268541829039654,247952,7680,240,0.06453181182344754,0.006728867751856645,RF-b
0.004788900041603483,separated,,joint,0,1000000,p4_switching_mackey_glass_separated_D0_M_s375082,/blue/uf-dsi/rvalle1/KAM/results/phase4/factorial_screen/runs/p4_switching_mackey_glass_separated_D0_M_s375082,M,375082,complete,switching_mackey_glass,0.06933229288551956,0.007234577082272153,2.439273547846824,0.007209673465695232,1000000,7680,480,0.07044797134585679,0.007673939529922791,D0
0.0030201525769371074,separated,,joint,0,1000000,p4_switching_mackey_glass_separated_D0_M_s38434,/blue/uf-dsi/rvalle1/KAM/results/phase4/factorial_screen/runs/p4_switching_mackey_glass_separated_D0_M_s38434,M,38434,complete,switching_mackey_glass,0.04444286634679884,0.002945394047856098,2.349407523870468,0.0027989440040983027,1000000,7680,480,0.04500944848405197,0.0030201525769371074,D0
0.008834295502553383,separated,,joint,0,250000,p4_switching_mackey_glass_separated_D0_S_s160890,/blue/uf-dsi/rvalle1/KAM/results/phase4/factorial_screen/runs/p4_switching_mackey_glass_separated_D0_S_s160890,S,160890,complete,switching_mackey_glass,0.0775749551753203,0.009191537803659836,1.2235836489126086,0.011572309439846626,250000,7680,240,0.07615095749497414,0.008860545326024294,D0
0.010576804199566444,separated,,joint,0,250000,p4_switching_mackey_glass_separated_D0_S_s789565,/blue/uf-dsi/rvalle1/KAM/results/phase4/factorial_screen/runs/p4_switching_mackey_glass_separated_D0_S_s789565,S,789565,complete,switching_mackey_glass,0.0719644362727801,0.007738360840206345,1.4517921842634678,0.010592331886679554,250000,7680,240,0.08211631154020628,0.010576804199566444,D0
0.004666639582865173,separated,,joint,13,1000000,p4_switching_mackey_glass_separated_DDmb_M_s375082,/blue/uf-dsi/rvalle1/KAM/results/phase4/factorial_screen/runs/p4_switching_mackey_glass_separated_DDmb_M_s375082,M,375082,complete,switching_mackey_glass,0.0704298394266516,0.006980894555454142,3.137832882348448,0.006816307104600128,1000000,7680,480,0.06978155567776412,0.006980331883823965,DD-b
0.005479337942233542,separated,,joint,13,1000000,p4_switching_mackey_glass_separated_DDmb_M_s38434,/blue/uf-dsi/rvalle1/KAM/results/phase4/factorial_screen/runs/p4_switching_mackey_glass_separated_DDmb_M_s38434,M,38434,complete,switching_mackey_glass,0.0631050081574358,0.006376121298671933,3.5253255038987845,0.005534238738619024,1000000,7680,480,0.062547487905249,0.006366630415868713,DD-b
0.009066039075454077,separated,,joint,13,250000,p4_switching_mackey_glass_separated_DDmb_S_s160890,/blue/uf-dsi/rvalle1/KAM/results/phase4/factorial_screen/runs/p4_switching_mackey_glass_separated_DDmb_S_s160890,S,160890,complete,switching_mackey_glass,0.07642491534352303,0.009220186372598011,2.1356445476412773,0.011603320812961707,250000,7680,240,0.07724947308500608,0.009066039075454077,DD-b
0.009772923371444146,separated,,joint,13,250000,p4_switching_mackey_glass_separated_DDmb_S_s789565,/blue/uf-dsi/rvalle1/KAM/results/phase4/factorial_screen/runs/p4_switching_mackey_glass_separated_DDmb_S_s789565,S,789565,complete,switching_mackey_glass,0.06251489892601966,0.006260164928001662,2.1235177079215646,0.009726349904667586,250000,7680,240,0.07936258390545844,0.009772923371444146,DD-b
0.0035242618087067967,separated,360,warmup_then_freeze,14,1000000,p4_switching_mackey_glass_separated_DDmbmstaged_M_s375082,/blue/uf-dsi/rvalle1/KAM/results/phase4/factorial_screen/runs/p4_switching_mackey_glass_separated_DDmbmstaged_M_s375082,M,375082,complete,switching_mackey_glass,0.045129959064070135,0.0033147324375022436,3.513445537071675,0.003288193303887965,993856,7680,480,0.04782375646755099,0.0035242618087067967,DD-b-staged
0.0044967271242057905,separated,360,warmup_then_freeze,14,1000000,p4_switching_mackey_glass_separated_DDmbmstaged_M_s38434,/blue/uf-dsi/rvalle1/KAM/results/phase4/factorial_screen/runs/p4_switching_mackey_glass_separated_DDmbmstaged_M_s38434,M,38434,complete,switching_mackey_glass,0.05386014672694728,0.0046854507072566776,3.5772919710725546,0.004562657612041221,993856,7680,480,0.05618002259870991,0.005057273679994978,DD-b-staged
0.00841035796329379,separated,180,warmup_then_freeze,14,250000,p4_switching_mackey_glass_separated_DDmbmstaged_S_s160890,/blue/uf-dsi/rvalle1/KAM/results/phase4/factorial_screen/runs/p4_switching_mackey_glass_separated_DDmbmstaged_S_s160890,S,160890,complete,switching_mackey_glass,0.07621096993486086,0.009127584875871737,2.1762541462667286,0.011595257635538777,247952,7680,240,0.0748275006810824,0.00841035796329379,DD-b-staged
0.008832547642911474,separated,180,warmup_then_freeze,14,250000,p4_switching_mackey_glass_separated_DDmbmstaged_S_s789565,/blue/uf-dsi/rvalle1/KAM/results/phase4/factorial_screen/runs/p4_switching_mackey_glass_separated_DDmbmstaged_S_s789565,S,789565,complete,switching_mackey_glass,0.06609926621119182,0.006425213348120451,2.165191694162786,0.009736378424956152,247952,7680,240,0.07652330100536346,0.008832547642911474,DD-b-staged
0.004545035852061119,separated,,joint,13,1000000,p4_switching_mackey_glass_separated_RFmb_M_s375082,/blue/uf-dsi/rvalle1/KAM/results/phase4/factorial_screen/runs/p4_switching_mackey_glass_separated_RFmb_M_s375082,M,375082,complete,switching_mackey_glass,0.06817252456676215,0.006581648813153151,3.414496063720435,0.006429025932447985,993856,7680,480,0.06754186109174043,0.0065852848056238145,RF-b
0.005782937489129836,separated,,joint,13,1000000,p4_switching_mackey_glass_separated_RFmb_M_s38434,/blue/uf-dsi/rvalle1/KAM/results/phase4/factorial_screen/runs/p4_switching_mackey_glass_separated_RFmb_M_s38434,M,38434,complete,switching_mackey_glass,0.0647811038652435,0.006694870098726824,3.474192100111395,0.005898961226193933,993856,7680,480,0.06454587198095396,0.006716274327118299,RF-b
0.009100705105811357,separated,,joint,13,250000,p4_switching_mackey_glass_separated_RFmb_S_s160890,/blue/uf-dsi/rvalle1/KAM/results/phase4/factorial_screen/runs/p4_switching_mackey_glass_separated_RFmb_S_s160890,S,160890,complete,switching_mackey_glass,0.07661924163500468,0.009273748813817899,2.1116072989534587,0.011663080910996845,247952,7680,240,0.07742115085323652,0.009100705105811357,RF-b
0.009928811651964983,separated,,joint,13,250000,p4_switching_mackey_glass_separated_RFmb_S_s789565,/blue/uf-dsi/rvalle1/KAM/results/phase4/factorial_screen/runs/p4_switching_mackey_glass_separated_RFmb_S_s789565,S,789565,complete,switching_mackey_glass,0.06280994340777397,0.006357559026218951,2.132585900137201,0.009841032258312529,247952,7680,240,0.07994408756494523,0.009928811651964983,RF-b
0.4591637975536287,recurring,,joint,0,1000000,p4_switching_narma_recurring_D0_M_s144282,/blue/uf-dsi/rvalle1/KAM/results/phase4/factorial_screen/runs/p4_switching_narma_recurring_D0_M_s144282,M,144282,complete,switching_narma,0.4797364789992571,0.40019915299490094,1.955006052274257,0.49829342402517796,1000000,7680,480,0.51745964307338,0.465662544593215,D0
0.5660670837387443,recurring,,joint,0,1000000,p4_switching_narma_recurring_D0_M_s830184,/blue/uf-dsi/rvalle1/KAM/results/phase4/factorial_screen/runs/p4_switching_narma_recurring_D0_M_s830184,M,830184,complete,switching_narma,0.5684015015140176,0.5391233307309449,2.3546271841041744,0.5685803820379078,1000000,7680,480,0.627071050927043,0.6570458286441863,D0
0.4456519529223442,recurring,,joint,0,250000,p4_switching_narma_recurring_D0_S_s241314,/blue/uf-dsi/rvalle1/KAM/results/phase4/factorial_screen/runs/p4_switching_narma_recurring_D0_S_s241314,S,241314,complete,switching_narma,0.5202821612358093,0.46982135275999704,1.208830437157303,0.5064372618993124,250000,7680,240,0.50945543050766,0.4456519529223442,D0
0.581358152627945,recurring,,joint,0,250000,p4_switching_narma_recurring_D0_S_s340360,/blue/uf-dsi/rvalle1/KAM/results/phase4/factorial_screen/runs/p4_switching_narma_recurring_D0_S_s340360,S,340360,complete,switching_narma,0.49846710364023844,0.4224373499552409,1.229713074862957,0.5273382924497128,250000,7680,240,0.5880938669045767,0.5845712840557098,D0
0.45782176591455936,recurring,,joint,13,1000000,p4_switching_narma_recurring_DDmb_M_s144282,/blue/uf-dsi/rvalle1/KAM/results/phase4/factorial_screen/runs/p4_switching_narma_recurring_DDmb_M_s144282,M,144282,complete,switching_narma,0.48818153655156493,0.40979171684011817,3.465845816768706,0.5074772136285901,1000000,7680,480,0.5252878712490201,0.47744633071124554,DD-b
0.5595731912180781,recurring,,joint,13,1000000,p4_switching_narma_recurring_DDmb_M_s830184,/blue/uf-dsi/rvalle1/KAM/results/phase4/factorial_screen/runs/p4_switching_narma_recurring_DDmb_M_s830184,M,830184,complete,switching_narma,0.5179918305948377,0.4772918466478586,3.7739712800830603,0.5112538421526551,1000000,7680,480,0.5709824720397592,0.5638250503689051,DD-b
0.447326347976923,recurring,,joint,13,250000,p4_switching_narma_recurring_DDmb_S_s241314,/blue/uf-dsi/rvalle1/KAM/results/phase4/factorial_screen/runs/p4_switching_narma_recurring_DDmb_S_s241314,S,241314,complete,switching_narma,0.5116425891717274,0.45909186601638796,2.0991707700304687,0.49871895586450893,250000,7680,240,0.5116360942522685,0.447326347976923,DD-b
0.5504762947559356,recurring,,joint,13,250000,p4_switching_narma_recurring_DDmb_S_s340360,/blue/uf-dsi/rvalle1/KAM/results/phase4/factorial_screen/runs/p4_switching_narma_recurring_DDmb_S_s340360,S,340360,complete,switching_narma,0.4849408149719238,0.42906414270401,2.0992068951018155,0.5040934576342503,250000,7680,240,0.5825281977653504,0.5607495268185934,DD-b
0.45803832868114114,recurring,360,warmup_then_freeze,14,1000000,p4_switching_narma_recurring_DDmbmstaged_M_s144282,/blue/uf-dsi/rvalle1/KAM/results/phase4/factorial_screen/runs/p4_switching_narma_recurring_DDmbmstaged_M_s144282,M,144282,complete,switching_narma,0.474630082026124,0.390242169611156,3.5935082079377025,0.5169852860271931,993856,7680,480,0.5177718233317137,0.45803832868114114,DD-b-staged
0.5595731912180781,recurring,360,warmup_then_freeze,14,1000000,p4_switching_narma_recurring_DDmbmstaged_M_s830184,/blue/uf-dsi/rvalle1/KAM/results/phase4/factorial_screen/runs/p4_switching_narma_recurring_DDmbmstaged_M_s830184,M,830184,complete,switching_narma,0.5162480575963855,0.4702425585128367,3.497678712941706,0.5054649100638926,993856,7680,480,0.5716233989223838,0.5623246412724257,DD-b-staged
0.4474157467484474,recurring,180,warmup_then_freeze,14,250000,p4_switching_narma_recurring_DDmbmstaged_S_s241314,/blue/uf-dsi/rvalle1/KAM/results/phase4/factorial_screen/runs/p4_switching_narma_recurring_DDmbmstaged_S_s241314,S,241314,complete,switching_narma,0.5287019491195679,0.47681390891472497,2.163005939917639,0.5219068080186844,247952,7680,240,0.5171074797709783,0.46532164240876833,DD-b-staged
0.547559263308843,recurring,180,warmup_then_freeze,14,250000,p4_switching_narma_recurring_DDmbmstaged_S_s340360,/blue/uf-dsi/rvalle1/KAM/results/phase4/factorial_screen/runs/p4_switching_narma_recurring_DDmbmstaged_S_s340360,S,340360,complete,switching_narma,0.4849859913190206,0.41327597697575885,2.177706044865772,0.49396584555506706,247952,7680,240,0.571280856927236,0.547559263308843,DD-b-staged
0.4575468241237104,recurring,,joint,13,1000000,p4_switching_narma_recurring_RFmb_M_s144282,/blue/uf-dsi/rvalle1/KAM/results/phase4/factorial_screen/runs/p4_switching_narma_recurring_RFmb_M_s144282,M,144282,complete,switching_narma,0.4877629382535815,0.40912690153345466,3.4564509640913457,0.5071503426879644,993856,7680,480,0.5248693469911814,0.4767101346515119,RF-b
0.559537498280406,recurring,,joint,13,1000000,p4_switching_narma_recurring_RFmb_M_s830184,/blue/uf-dsi/rvalle1/KAM/results/phase4/factorial_screen/runs/p4_switching_narma_recurring_RFmb_M_s830184,M,830184,complete,switching_narma,0.517743868753314,0.4768853192217648,3.3719172501005232,0.5107837030664086,993856,7680,480,0.5708108814433217,0.5635477360337973,RF-b
0.44722093269228935,recurring,,joint,13,250000,p4_switching_narma_recurring_RFmb_S_s241314,/blue/uf-dsi/rvalle1/KAM/results/phase4/factorial_screen/runs/p4_switching_narma_recurring_RFmb_S_s241314,S,241314,complete,switching_narma,0.5114836255709331,0.4586904337008794,2.1246349359862506,0.4987970267732938,247952,7680,240,0.511531549692154,0.44722093269228935,RF-b
0.5505654593308766,recurring,,joint,13,250000,p4_switching_narma_recurring_RFmb_S_s340360,/blue/uf-dsi/rvalle1/KAM/results/phase4/factorial_screen/runs/p4_switching_narma_recurring_RFmb_S_s340360,S,340360,complete,switching_narma,0.48478737970193225,0.42907550583283105,2.107517463155091,0.5041714316854874,247952,7680,240,0.5824090003967285,0.5606840789318085,RF-b
0.45543764159083366,separated,,joint,0,1000000,p4_switching_narma_separated_D0_M_s201055,/blue/uf-dsi/rvalle1/KAM/results/phase4/factorial_screen/runs/p4_switching_narma_separated_D0_M_s201055,M,201055,complete,switching_narma,0.49595388351008296,0.4396213754080236,2.0418862029910088,0.4289609887637198,1000000,7680,480,0.5263194674625993,0.47239186614751816,D0
0.4115487369708717,separated,,joint,0,1000000,p4_switching_narma_separated_D0_M_s203378,/blue/uf-dsi/rvalle1/KAM/results/phase4/factorial_screen/runs/p4_switching_narma_separated_D0_M_s203378,M,203378,complete,switching_narma,0.5273702498525381,0.467474733479321,2.068886073771864,0.4781932276673615,1000000,7680,480,0.4768806267529726,0.4115487369708717,D0
0.42723807990550994,separated,,joint,0,250000,p4_switching_narma_separated_D0_S_s973847,/blue/uf-dsi/rvalle1/KAM/results/phase4/factorial_screen/runs/p4_switching_narma_separated_D0_S_s973847,S,973847,complete,switching_narma,0.5071073393026988,0.4195092757542928,1.4596224380657077,0.4398178197443485,250000,7680,240,0.5109142939249675,0.42723807990550994,D0
0.46885018547375995,separated,,joint,0,250000,p4_switching_narma_separated_D0_S_s976533,/blue/uf-dsi/rvalle1/KAM/results/phase4/factorial_screen/runs/p4_switching_narma_separated_D0_S_s976533,S,976533,complete,switching_narma,0.5090934872627259,0.4360888421535492,1.3258621613495052,0.425836859891812,250000,7680,240,0.5456325471401214,0.501732349395752,D0
0.452806337736547,separated,,joint,13,1000000,p4_switching_narma_separated_DDmb_M_s201055,/blue/uf-dsi/rvalle1/KAM/results/phase4/factorial_screen/runs/p4_switching_narma_separated_DDmb_M_s201055,M,201055,complete,switching_narma,0.537342737428844,0.4428237141110003,3.4560308707877994,0.44409696152433753,1000000,7680,480,0.5471273642033339,0.4727913625538349,DD-b
0.39933928358368576,separated,,joint,13,1000000,p4_switching_narma_separated_DDmb_M_s203378,/blue/uf-dsi/rvalle1/KAM/results/phase4/factorial_screen/runs/p4_switching_narma_separated_DDmb_M_s203378,M,203378,complete,switching_narma,0.5289602391421795,0.4745232663117349,3.1321854600682855,0.48021363001316786,1000000,7680,480,0.4783247224986553,0.41681752912700176,DD-b
0.42558244069417317,separated,,joint,13,250000,p4_switching_narma_separated_DDmb_S_s973847,/blue/uf-dsi/rvalle1/KAM/results/phase4/factorial_screen/runs/p4_switching_narma_separated_DDmb_S_s973847,S,973847,complete,switching_narma,0.4876460393269857,0.40455653419097265,2.0973129109479487,0.436257263024648,250000,7680,240,0.5106037815411886,0.4339482923348745,DD-b
0.4794931809107463,separated,,joint,13,250000,p4_switching_narma_separated_DDmb_S_s976533,/blue/uf-dsi/rvalle1/KAM/results/phase4/factorial_screen/runs/p4_switching_narma_separated_DDmb_S_s976533,S,976533,complete,switching_narma,0.5065473357836405,0.4279361347357432,2.099553625099361,0.4300338961184025,250000,7680,240,0.5514699240525563,0.5096711536248525,DD-b
0.4435279527679086,separated,360,warmup_then_freeze,14,1000000,p4_switching_narma_separated_DDmbmstaged_M_s201055,/blue/uf-dsi/rvalle1/KAM/results/phase4/factorial_screen/runs/p4_switching_narma_separated_DDmbmstaged_M_s201055,M,201055,complete,switching_narma,0.48873733542859554,0.40860490733757615,3.5333625311031938,0.40650581615045667,993856,7680,480,0.507976746186614,0.4435279527679086,DD-b-staged
0.39933928358368576,separated,360,warmup_then_freeze,14,1000000,p4_switching_narma_separated_DDmbmstaged_M_s203378,/blue/uf-dsi/rvalle1/KAM/results/phase4/factorial_screen/runs/p4_switching_narma_separated_DDmbmstaged_M_s203378,M,203378,complete,switching_narma,0.5184123013168573,0.44970916165038943,3.5804783310741186,0.46659598918631673,993856,7680,480,0.47409975435584784,0.4029181874357164,DD-b-staged
0.42312356233596804,separated,180,warmup_then_freeze,14,250000,p4_switching_narma_separated_DDmbmstaged_S_s973847,/blue/uf-dsi/rvalle1/KAM/results/phase4/factorial_screen/runs/p4_switching_narma_separated_DDmbmstaged_S_s973847,S,973847,complete,switching_narma,0.4999580462773641,0.410700136423111,2.1604022411629558,0.4355125402410825,247952,7680,240,0.5079529424508412,0.42411615550518034,DD-b-staged
0.4794931809107463,separated,180,warmup_then_freeze,14,250000,p4_switching_narma_separated_DDmbmstaged_S_s976533,/blue/uf-dsi/rvalle1/KAM/results/phase4/factorial_screen/runs/p4_switching_narma_separated_DDmbmstaged_S_s976533,S,976533,complete,switching_narma,0.5109361747900645,0.43612147370974225,2.1384187010116875,0.437337468067805,247952,7680,240,0.5517309268315633,0.5090286056200664,DD-b-staged
0.4526149621233344,separated,,joint,13,1000000,p4_switching_narma_separated_RFmb_M_s201055,/blue/uf-dsi/rvalle1/KAM/results/phase4/factorial_screen/runs/p4_switching_narma_separated_RFmb_M_s201055,M,201055,complete,switching_narma,0.5366667155176401,0.4419914474710822,3.4234466808848083,0.4432410611771047,993856,7680,480,0.5465994291007519,0.4721289975568652,RF-b
0.39943924359977245,separated,,joint,13,1000000,p4_switching_narma_separated_RFmb_M_s203378,/blue/uf-dsi/rvalle1/KAM/results/phase4/factorial_screen/runs/p4_switching_narma_separated_RFmb_M_s203378,M,203378,complete,switching_narma,0.5290755312889814,0.4746847846545279,3.488695928128436,0.4803049564361572,993856,7680,480,0.47809615172445774,0.41641136119142175,RF-b
0.42565263907114664,separated,,joint,13,250000,p4_switching_narma_separated_RFmb_S_s973847,/blue/uf-dsi/rvalle1/KAM/results/phase4/factorial_screen/runs/p4_switching_narma_separated_RFmb_S_s973847,S,973847,complete,switching_narma,0.48774245580037434,0.404620860517025,2.1185578738804907,0.43645383541782695,247952,7680,240,0.5107703824838002,0.434063595533371,RF-b
0.47957243720690407,separated,,joint,13,250000,p4_switching_narma_separated_RFmb_S_s976533,/blue/uf-dsi/rvalle1/KAM/results/phase4/factorial_screen/runs/p4_switching_narma_separated_RFmb_S_s976533,S,976533,complete,switching_narma,0.5065770407517751,0.42788659532864887,2.071288260864094,0.43002187584837276,247952,7680,240,0.5514447510242462,0.5095133066177369,RF-b
