run_id,task,variant,scale,seed_index,active_parameter_count,target_active_parameters,active_capacity_match_error,padding_parameter_count,route_feature_dim,test_mse,test_nmse,test_nrmse,test_mae,test_p95_to_median_abs_error,total_seconds,fixed_component,variant_semantics,run_path
p5_pilot_controlled_prototype_P1M_D0_s0,controlled_prototype,D0,P1M,0,1001853,1000000,0.001853,0,64,0.005995719227939844,0.029577556997537613,0.17198127508163452,0.05661385878920555,2.445559501647949,1.6193681648001075,,D0,/blue/uf-dsi/rvalle1/KAM/results/phase5/pilot/runs/p5_pilot_controlled_prototype_P1M_D0_s0
p5_pilot_controlled_prototype_P1M_D0_s1,controlled_prototype,D0,P1M,1,1001853,1000000,0.001853,0,64,0.0081767113879323,0.029561612755060196,0.17193490266799927,0.07287769764661789,2.708064556121826,1.76788094593212,,D0,/blue/uf-dsi/rvalle1/KAM/results/phase5/pilot/runs/p5_pilot_controlled_prototype_P1M_D0_s1
p5_pilot_controlled_prototype_P1M_D0_s2,controlled_prototype,D0,P1M,2,1001853,1000000,0.001853,0,64,0.0034458849113434553,0.04079832881689072,0.20198595523834229,0.048564329743385315,2.6365387439727783,1.671804843004793,,D0,/blue/uf-dsi/rvalle1/KAM/results/phase5/pilot/runs/p5_pilot_controlled_prototype_P1M_D0_s2
p5_pilot_controlled_prototype_P1M_DDmL_s0,controlled_prototype,DD-L,P1M,0,999801,1000000,0.000199,0,64,0.00840891432017088,0.041482120752334595,0.20367160439491272,0.06543348729610443,4.514946937561035,2.543122268980369,,DD-L,/blue/uf-dsi/rvalle1/KAM/results/phase5/pilot/runs/p5_pilot_controlled_prototype_P1M_DDmL_s0
p5_pilot_controlled_prototype_P1M_DDmL_s1,controlled_prototype,DD-L,P1M,1,999801,1000000,0.000199,0,64,0.003568564308807254,0.01290158275514841,0.11358512938022614,0.04758581891655922,2.8674886226654053,2.2651118899229914,,DD-L,/blue/uf-dsi/rvalle1/KAM/results/phase5/pilot/runs/p5_pilot_controlled_prototype_P1M_DDmL_s1
p5_pilot_controlled_prototype_P1M_DDmL_s2,controlled_prototype,DD-L,P1M,2,999801,1000000,0.000199,0,64,0.0037903329357504845,0.044876500964164734,0.21184074878692627,0.05291486904025078,2.0651533603668213,2.5148835168220103,,DD-L,/blue/uf-dsi/rvalle1/KAM/results/phase5/pilot/runs/p5_pilot_controlled_prototype_P1M_DDmL_s2
p5_pilot_controlled_prototype_P1M_KCmLV_s0,controlled_prototype,KC-LV,P1M,0,999801,1000000,0.000199,0,64,0.007913936860859394,0.03904034197330475,0.1975862979888916,0.06327987462282181,4.31695032119751,2.2045930980239064,sampled_training_representation_keys,KC-LV,/blue/uf-dsi/rvalle1/KAM/results/phase5/pilot/runs/p5_pilot_controlled_prototype_P1M_KCmLV_s0
p5_pilot_controlled_prototype_P1M_KCmLV_s1,controlled_prototype,KC-LV,P1M,1,999801,1000000,0.000199,0,64,0.00597235606983304,0.021592114120721817,0.14694255590438843,0.058856770396232605,3.6621856689453125,2.431900435127318,sampled_training_representation_keys,KC-LV,/blue/uf-dsi/rvalle1/KAM/results/phase5/pilot/runs/p5_pilot_controlled_prototype_P1M_KCmLV_s1
p5_pilot_controlled_prototype_P1M_KCmLV_s2,controlled_prototype,KC-LV,P1M,2,999801,1000000,0.000199,0,64,0.0033143621403723955,0.039241135120391846,0.19809375703334808,0.04880242422223091,2.1747727394104004,2.3363162497989833,sampled_training_representation_keys,KC-LV,/blue/uf-dsi/rvalle1/KAM/results/phase5/pilot/runs/p5_pilot_controlled_prototype_P1M_KCmLV_s2
p5_pilot_controlled_prototype_P1M_RFF_s0,controlled_prototype,RFF,P1M,0,999961,1000000,3.9e-05,0,0,0.3129315674304962,1.5437266826629639,1.242467999458313,0.4002330005168915,5.080843925476074,0.5344320680014789,random_fourier_map,RFF,/blue/uf-dsi/rvalle1/KAM/results/phase5/pilot/runs/p5_pilot_controlled_prototype_P1M_RFF_s0
p5_pilot_controlled_prototype_P1M_RFF_s1,controlled_prototype,RFF,P1M,1,999961,1000000,3.9e-05,0,0,0.2883670926094055,1.0425457954406738,1.021051287651062,0.40749987959861755,4.182736396789551,0.5373339969664812,random_fourier_map,RFF,/blue/uf-dsi/rvalle1/KAM/results/phase5/pilot/runs/p5_pilot_controlled_prototype_P1M_RFF_s1
p5_pilot_controlled_prototype_P1M_RFF_s2,controlled_prototype,RFF,P1M,2,999961,1000000,3.9e-05,0,0,0.09191753715276718,1.0882784128189087,1.0432058572769165,0.24166183173656464,2.9466729164123535,0.4707858278416097,random_fourier_map,RFF,/blue/uf-dsi/rvalle1/KAM/results/phase5/pilot/runs/p5_pilot_controlled_prototype_P1M_RFF_s2
p5_pilot_controlled_prototype_P1M_RFmFULL_s0,controlled_prototype,RF-FULL,P1M,0,999801,1000000,0.000199,0,64,0.009423746727406979,0.046488404273986816,0.21561169624328613,0.06285491585731506,4.709774017333984,1.3154343890491873,,RF-FULL,/blue/uf-dsi/rvalle1/KAM/results/phase5/pilot/runs/p5_pilot_controlled_prototype_P1M_RFmFULL_s0
p5_pilot_controlled_prototype_P1M_RFmFULL_s1,controlled_prototype,RF-FULL,P1M,1,999801,1000000,0.000199,0,64,0.0114869000390172,0.04152907803654671,0.20378683507442474,0.07841777056455612,3.9356112480163574,1.408350721001625,,RF-FULL,/blue/uf-dsi/rvalle1/KAM/results/phase5/pilot/runs/p5_pilot_controlled_prototype_P1M_RFmFULL_s1
p5_pilot_controlled_prototype_P1M_RFmFULL_s2,controlled_prototype,RF-FULL,P1M,2,999801,1000000,0.000199,0,64,0.004260151647031307,0.0504390224814415,0.2245863378047943,0.04666702821850777,4.741807460784912,1.3879145248793066,,RF-FULL,/blue/uf-dsi/rvalle1/KAM/results/phase5/pilot/runs/p5_pilot_controlled_prototype_P1M_RFmFULL_s2
p5_pilot_controlled_prototype_P1M_RFmKV_s0,controlled_prototype,RF-KV,P1M,0,999801,1000000,0.000199,0,64,0.007416170556098223,0.036584801971912384,0.19127154350280762,0.06260554492473602,3.9799110889434814,2.168645113008097,,RF-KV,/blue/uf-dsi/rvalle1/KAM/results/phase5/pilot/runs/p5_pilot_controlled_prototype_P1M_RFmKV_s0
p5_pilot_controlled_prototype_P1M_RFmKV_s1,controlled_prototype,RF-KV,P1M,1,999801,1000000,0.000199,0,64,0.0036588364746421576,0.013227947056293488,0.11501281708478928,0.048215191811323166,2.883928060531616,2.4557537178043276,,RF-KV,/blue/uf-dsi/rvalle1/KAM/results/phase5/pilot/runs/p5_pilot_controlled_prototype_P1M_RFmKV_s1
p5_pilot_controlled_prototype_P1M_RFmKV_s2,controlled_prototype,RF-KV,P1M,2,999801,1000000,0.000199,0,64,0.003452108008787036,0.040872011333703995,0.202168270945549,0.04924803599715233,2.3128068447113037,2.4253217950463295,,RF-KV,/blue/uf-dsi/rvalle1/KAM/results/phase5/pilot/runs/p5_pilot_controlled_prototype_P1M_RFmKV_s2
p5_pilot_controlled_prototype_P250_D0_s0,controlled_prototype,D0,P250,0,249969,250000,0.000124,0,64,0.005964688956737518,0.02357085421681404,0.15352801978588104,0.053848009556531906,4.073373794555664,1.6902595269493759,,D0,/blue/uf-dsi/rvalle1/KAM/results/phase5/pilot/runs/p5_pilot_controlled_prototype_P250_D0_s0
p5_pilot_controlled_prototype_P250_D0_s1,controlled_prototype,D0,P250,1,249969,250000,0.000124,0,64,0.004963011015206575,0.04100855067372322,0.2025056779384613,0.05471722409129143,2.7438032627105713,1.9964588130824268,,D0,/blue/uf-dsi/rvalle1/KAM/results/phase5/pilot/runs/p5_pilot_controlled_prototype_P250_D0_s1
p5_pilot_controlled_prototype_P250_D0_s2,controlled_prototype,D0,P250,2,249969,250000,0.000124,0,64,0.004948824644088745,0.036530036479234695,0.19112832844257355,0.055759016424417496,3.304626226425171,1.7652268130332232,,D0,/blue/uf-dsi/rvalle1/KAM/results/phase5/pilot/runs/p5_pilot_controlled_prototype_P250_D0_s2
p5_pilot_controlled_prototype_P250_DDmL_s0,controlled_prototype,DD-L,P250,0,250553,250000,0.002212,0,64,0.00949753075838089,0.03753169998526573,0.19373099505901337,0.07075819373130798,4.075657367706299,2.5104832779616117,,DD-L,/blue/uf-dsi/rvalle1/KAM/results/phase5/pilot/runs/p5_pilot_controlled_prototype_P250_DDmL_s0
p5_pilot_controlled_prototype_P250_DDmL_s1,controlled_prototype,DD-L,P250,1,250553,250000,0.002212,0,64,0.0043500326573848724,0.03594360873103142,0.18958799540996552,0.05097055435180664,2.122368335723877,2.2190836670342833,,DD-L,/blue/uf-dsi/rvalle1/KAM/results/phase5/pilot/runs/p5_pilot_controlled_prototype_P250_DDmL_s1
p5_pilot_controlled_prototype_P250_DDmL_s2,controlled_prototype,DD-L,P250,2,250553,250000,0.002212,0,64,0.005639450158923864,0.041627928614616394,0.20402923226356506,0.058780819177627563,2.9830074310302734,2.369807376060635,,DD-L,/blue/uf-dsi/rvalle1/KAM/results/phase5/pilot/runs/p5_pilot_controlled_prototype_P250_DDmL_s2
p5_pilot_controlled_prototype_P250_KCmLV_s0,controlled_prototype,KC-LV,P250,0,250553,250000,0.002212,0,64,0.014613591134548187,0.05774899944663048,0.24031022191047668,0.08232071250677109,5.060280799865723,2.084399102954194,sampled_training_representation_keys,KC-LV,/blue/uf-dsi/rvalle1/KAM/results/phase5/pilot/runs/p5_pilot_controlled_prototype_P250_KCmLV_s0
p5_pilot_controlled_prototype_P250_KCmLV_s1,controlled_prototype,KC-LV,P250,1,250553,250000,0.002212,0,64,0.004756770096719265,0.03930441662669182,0.19825340807437897,0.050827208906412125,3.1141886711120605,3.7574804038740695,sampled_training_representation_keys,KC-LV,/blue/uf-dsi/rvalle1/KAM/results/phase5/pilot/runs/p5_pilot_controlled_prototype_P250_KCmLV_s1
p5_pilot_controlled_prototype_P250_KCmLV_s2,controlled_prototype,KC-LV,P250,2,250553,250000,0.002212,0,64,0.004944701213389635,0.03649959713220596,0.19104868173599243,0.055454086512327194,3.028010368347168,2.30454524140805,sampled_training_representation_keys,KC-LV,/blue/uf-dsi/rvalle1/KAM/results/phase5/pilot/runs/p5_pilot_controlled_prototype_P250_KCmLV_s2
p5_pilot_controlled_prototype_P250_RFF_s0,controlled_prototype,RFF,P250,0,249991,250000,3.6e-05,0,0,0.29628464579582214,1.170837640762329,1.0820525884628296,0.38028600811958313,5.540609359741211,0.5554573279805481,random_fourier_map,RFF,/blue/uf-dsi/rvalle1/KAM/results/phase5/pilot/runs/p5_pilot_controlled_prototype_P250_RFF_s0
p5_pilot_controlled_prototype_P250_RFF_s1,controlled_prototype,RFF,P250,1,249991,250000,3.6e-05,0,0,0.12469992786645889,1.0303751230239868,1.0150738954544067,0.25521382689476013,4.997021675109863,0.49209694704040885,random_fourier_map,RFF,/blue/uf-dsi/rvalle1/KAM/results/phase5/pilot/runs/p5_pilot_controlled_prototype_P250_RFF_s1
p5_pilot_controlled_prototype_P250_RFF_s2,controlled_prototype,RFF,P250,2,249991,250000,3.6e-05,0,0,0.17062389850616455,1.2594701051712036,1.1222611665725708,0.32132890820503235,3.508017063140869,0.5587901130784303,random_fourier_map,RFF,/blue/uf-dsi/rvalle1/KAM/results/phase5/pilot/runs/p5_pilot_controlled_prototype_P250_RFF_s2
p5_pilot_controlled_prototype_P250_RFmFULL_s0,controlled_prototype,RF-FULL,P250,0,250553,250000,0.002212,0,64,0.020128564909100533,0.07954270392656326,0.28203314542770386,0.09181433916091919,6.265038013458252,1.2364079591352493,,RF-FULL,/blue/uf-dsi/rvalle1/KAM/results/phase5/pilot/runs/p5_pilot_controlled_prototype_P250_RFmFULL_s0
p5_pilot_controlled_prototype_P250_RFmFULL_s1,controlled_prototype,RF-FULL,P250,1,250553,250000,0.002212,0,64,0.011106525547802448,0.09177140891551971,0.30293795466423035,0.07419829815626144,4.484367847442627,1.8475573416799307,,RF-FULL,/blue/uf-dsi/rvalle1/KAM/results/phase5/pilot/runs/p5_pilot_controlled_prototype_P250_RFmFULL_s1
p5_pilot_controlled_prototype_P250_RFmFULL_s2,controlled_prototype,RF-FULL,P250,2,250553,250000,0.002212,0,64,0.01073988527059555,0.07927708327770233,0.28156188130378723,0.0790758803486824,3.647610902786255,1.4586999220773578,,RF-FULL,/blue/uf-dsi/rvalle1/KAM/results/phase5/pilot/runs/p5_pilot_controlled_prototype_P250_RFmFULL_s2
p5_pilot_controlled_prototype_P250_RFmKV_s0,controlled_prototype,RF-KV,P250,0,250553,250000,0.002212,0,64,0.009454109705984592,0.03736010938882828,0.19328762590885162,0.07059621810913086,4.089297294616699,2.0729101051110774,,RF-KV,/blue/uf-dsi/rvalle1/KAM/results/phase5/pilot/runs/p5_pilot_controlled_prototype_P250_RFmKV_s0
p5_pilot_controlled_prototype_P250_RFmKV_s1,controlled_prototype,RF-KV,P250,1,250553,250000,0.002212,0,64,0.0043343850411474705,0.0358143150806427,0.18924671411514282,0.05057523027062416,2.126955270767212,2.314137749839574,,RF-KV,/blue/uf-dsi/rvalle1/KAM/results/phase5/pilot/runs/p5_pilot_controlled_prototype_P250_RFmKV_s1
p5_pilot_controlled_prototype_P250_RFmKV_s2,controlled_prototype,RF-KV,P250,2,250553,250000,0.002212,0,64,0.005666159093379974,0.041825082153081894,0.20451180636882782,0.058814406394958496,3.0661797523498535,2.1120248241350055,,RF-KV,/blue/uf-dsi/rvalle1/KAM/results/phase5/pilot/runs/p5_pilot_controlled_prototype_P250_RFmKV_s2
p5_pilot_controlled_symbolic_regime_language_P1M_D0_s0,controlled_symbolic_regime_language,D0,P1M,0,1001853,1000000,0.001853,0,64,0.0036160454619675875,0.05107785761356354,0.22600410878658295,0.048197586089372635,3.217177629470825,1.649157727137208,,D0,/blue/uf-dsi/rvalle1/KAM/results/phase5/pilot/runs/p5_pilot_controlled_symbolic_regime_language_P1M_D0_s0
p5_pilot_controlled_symbolic_regime_language_P1M_D0_s1,controlled_symbolic_regime_language,D0,P1M,1,1001853,1000000,0.001853,0,64,0.0034641986712813377,0.05845148488879204,0.24176742136478424,0.049755875021219254,2.1210618019104004,1.865231545176357,,D0,/blue/uf-dsi/rvalle1/KAM/results/phase5/pilot/runs/p5_pilot_controlled_symbolic_regime_language_P1M_D0_s1
p5_pilot_controlled_symbolic_regime_language_P1M_D0_s2,controlled_symbolic_regime_language,D0,P1M,2,1001853,1000000,0.001853,0,64,0.003348124446347356,0.021617773920297623,0.1470298320055008,0.04184994474053383,3.5805366039276123,1.8379809544421732,,D0,/blue/uf-dsi/rvalle1/KAM/results/phase5/pilot/runs/p5_pilot_controlled_symbolic_regime_language_P1M_D0_s2
p5_pilot_controlled_symbolic_regime_language_P1M_DDmL_s0,controlled_symbolic_regime_language,DD-L,P1M,0,999801,1000000,0.000199,0,64,0.00417600991204381,0.05898754298686981,0.24287351965904236,0.050852686166763306,2.8112194538116455,2.311846928903833,,DD-L,/blue/uf-dsi/rvalle1/KAM/results/phase5/pilot/runs/p5_pilot_controlled_symbolic_regime_language_P1M_DDmL_s0
p5_pilot_controlled_symbolic_regime_language_P1M_DDmL_s1,controlled_symbolic_regime_language,DD-L,P1M,1,999801,1000000,0.000199,0,64,0.0035557858645915985,0.0599968396127224,0.24494251608848572,0.048971373587846756,2.6544888019561768,2.2604174320586026,,DD-L,/blue/uf-dsi/rvalle1/KAM/results/phase5/pilot/runs/p5_pilot_controlled_symbolic_regime_language_P1M_DDmL_s1
p5_pilot_controlled_symbolic_regime_language_P1M_DDmL_s2,controlled_symbolic_regime_language,DD-L,P1M,2,999801,1000000,0.000199,0,64,0.003787226276472211,0.02445291541516781,0.1563742756843567,0.04990047216415405,2.531057834625244,2.5697973161004484,,DD-L,/blue/uf-dsi/rvalle1/KAM/results/phase5/pilot/runs/p5_pilot_controlled_symbolic_regime_language_P1M_DDmL_s2
p5_pilot_controlled_symbolic_regime_language_P1M_KCmLV_s0,controlled_symbolic_regime_language,KC-LV,P1M,0,999801,1000000,0.000199,0,64,0.003737217979505658,0.052789460867643356,0.2297595739364624,0.049439650028944016,2.8531012535095215,2.1818498261272907,sampled_training_representation_keys,KC-LV,/blue/uf-dsi/rvalle1/KAM/results/phase5/pilot/runs/p5_pilot_controlled_symbolic_regime_language_P1M_KCmLV_s0
p5_pilot_controlled_symbolic_regime_language_P1M_KCmLV_s1,controlled_symbolic_regime_language,KC-LV,P1M,1,999801,1000000,0.000199,0,64,0.002790425205603242,0.047082893550395966,0.21698592603206635,0.04304422065615654,2.8823859691619873,2.425084457034245,sampled_training_representation_keys,KC-LV,/blue/uf-dsi/rvalle1/KAM/results/phase5/pilot/runs/p5_pilot_controlled_symbolic_regime_language_P1M_KCmLV_s1
p5_pilot_controlled_symbolic_regime_language_P1M_KCmLV_s2,controlled_symbolic_regime_language,KC-LV,P1M,2,999801,1000000,0.000199,0,64,0.003866055281832814,0.024961888790130615,0.15799331665039062,0.04413287341594696,4.888174057006836,2.184285298921168,sampled_training_representation_keys,KC-LV,/blue/uf-dsi/rvalle1/KAM/results/phase5/pilot/runs/p5_pilot_controlled_symbolic_regime_language_P1M_KCmLV_s2
p5_pilot_controlled_symbolic_regime_language_P1M_RFF_s0,controlled_symbolic_regime_language,RFF,P1M,0,999961,1000000,3.9e-05,0,0,0.07284759730100632,1.0289968252182007,1.0143948793411255,0.20689773559570312,3.124161958694458,0.5269939601421356,random_fourier_map,RFF,/blue/uf-dsi/rvalle1/KAM/results/phase5/pilot/runs/p5_pilot_controlled_symbolic_regime_language_P1M_RFF_s0
p5_pilot_controlled_symbolic_regime_language_P1M_RFF_s1,controlled_symbolic_regime_language,RFF,P1M,1,999961,1000000,3.9e-05,0,0,0.05919575318694115,0.9988110065460205,0.9994053244590759,0.19670593738555908,2.945838689804077,0.5343886269256473,random_fourier_map,RFF,/blue/uf-dsi/rvalle1/KAM/results/phase5/pilot/runs/p5_pilot_controlled_symbolic_regime_language_P1M_RFF_s1
p5_pilot_controlled_symbolic_regime_language_P1M_RFF_s2,controlled_symbolic_regime_language,RFF,P1M,2,999961,1000000,3.9e-05,0,0,0.21095047891139984,1.3620400428771973,1.1670647859573364,0.3563164472579956,3.508650779724121,0.5366244469769299,random_fourier_map,RFF,/blue/uf-dsi/rvalle1/KAM/results/phase5/pilot/runs/p5_pilot_controlled_symbolic_regime_language_P1M_RFF_s2
p5_pilot_controlled_symbolic_regime_language_P1M_RFmFULL_s0,controlled_symbolic_regime_language,RF-FULL,P1M,0,999801,1000000,0.000199,0,64,0.004849886056035757,0.06850627064704895,0.26173701882362366,0.05310230329632759,3.4926087856292725,1.4957761890254915,,RF-FULL,/blue/uf-dsi/rvalle1/KAM/results/phase5/pilot/runs/p5_pilot_controlled_symbolic_regime_language_P1M_RFmFULL_s0
p5_pilot_controlled_symbolic_regime_language_P1M_RFmFULL_s1,controlled_symbolic_regime_language,RF-FULL,P1M,1,999801,1000000,0.000199,0,64,0.005687373224645853,0.09596315026283264,0.30977919697761536,0.05834854766726494,3.169473171234131,1.3109242250211537,,RF-FULL,/blue/uf-dsi/rvalle1/KAM/results/phase5/pilot/runs/p5_pilot_controlled_symbolic_regime_language_P1M_RFmFULL_s1
p5_pilot_controlled_symbolic_regime_language_P1M_RFmFULL_s2,controlled_symbolic_regime_language,RF-FULL,P1M,2,999801,1000000,0.000199,0,64,0.007545833941549063,0.04872104898095131,0.22072845697402954,0.06500143557786942,3.6256442070007324,1.485519293230027,,RF-FULL,/blue/uf-dsi/rvalle1/KAM/results/phase5/pilot/runs/p5_pilot_controlled_symbolic_regime_language_P1M_RFmFULL_s2
p5_pilot_controlled_symbolic_regime_language_P1M_RFmKV_s0,controlled_symbolic_regime_language,RF-KV,P1M,0,999801,1000000,0.000199,0,64,0.0033190797548741102,0.04688311740756035,0.2165250927209854,0.04716217890381813,2.6919262409210205,2.417707100044936,,RF-KV,/blue/uf-dsi/rvalle1/KAM/results/phase5/pilot/runs/p5_pilot_controlled_symbolic_regime_language_P1M_RFmKV_s0
p5_pilot_controlled_symbolic_regime_language_P1M_RFmKV_s1,controlled_symbolic_regime_language,RF-KV,P1M,1,999801,1000000,0.000199,0,64,0.0027872880455106497,0.04702996090054512,0.21686393022537231,0.03809620812535286,4.4107232093811035,2.18162499088794,,RF-KV,/blue/uf-dsi/rvalle1/KAM/results/phase5/pilot/runs/p5_pilot_controlled_symbolic_regime_language_P1M_RFmKV_s1
p5_pilot_controlled_symbolic_regime_language_P1M_RFmKV_s2,controlled_symbolic_regime_language,RF-KV,P1M,2,999801,1000000,0.000199,0,64,0.004465591162443161,0.028832901269197464,0.16980253159999847,0.04706397280097008,5.3164825439453125,2.134134045103565,,RF-KV,/blue/uf-dsi/rvalle1/KAM/results/phase5/pilot/runs/p5_pilot_controlled_symbolic_regime_language_P1M_RFmKV_s2
p5_pilot_controlled_symbolic_regime_language_P250_D0_s0,controlled_symbolic_regime_language,D0,P250,0,249969,250000,0.000124,0,64,0.0027328378055244684,0.05428272485733032,0.23298652470111847,0.039270803332328796,3.466686964035034,1.7788043660111725,,D0,/blue/uf-dsi/rvalle1/KAM/results/phase5/pilot/runs/p5_pilot_controlled_symbolic_regime_language_P250_D0_s0
p5_pilot_controlled_symbolic_regime_language_P250_D0_s1,controlled_symbolic_regime_language,D0,P250,1,249969,250000,0.000124,0,64,0.005123849492520094,0.038771506398916245,0.19690482318401337,0.04746660217642784,5.068980693817139,1.6148026189766824,,D0,/blue/uf-dsi/rvalle1/KAM/results/phase5/pilot/runs/p5_pilot_controlled_symbolic_regime_language_P250_D0_s1
p5_pilot_controlled_symbolic_regime_language_P250_D0_s2,controlled_symbolic_regime_language,D0,P250,2,249969,250000,0.000124,0,64,0.004971240181475878,0.0285910926759243,0.16908900439739227,0.05972711369395256,2.2219998836517334,1.8282226091250777,,D0,/blue/uf-dsi/rvalle1/KAM/results/phase5/pilot/runs/p5_pilot_controlled_symbolic_regime_language_P250_D0_s2
p5_pilot_controlled_symbolic_regime_language_P250_DDmL_s0,controlled_symbolic_regime_language,DD-L,P250,0,250553,250000,0.002212,0,64,0.002967880107462406,0.058951400220394135,0.24279910326004028,0.038970064371824265,4.014957904815674,2.1790945001412183,,DD-L,/blue/uf-dsi/rvalle1/KAM/results/phase5/pilot/runs/p5_pilot_controlled_symbolic_regime_language_P250_DDmL_s0
p5_pilot_controlled_symbolic_regime_language_P250_DDmL_s1,controlled_symbolic_regime_language,DD-L,P250,1,250553,250000,0.002212,0,64,0.004431466571986675,0.03353233262896538,0.18311835825443268,0.04798637330532074,3.427248477935791,2.4834742262028158,,DD-L,/blue/uf-dsi/rvalle1/KAM/results/phase5/pilot/runs/p5_pilot_controlled_symbolic_regime_language_P250_DDmL_s1
p5_pilot_controlled_symbolic_regime_language_P250_DDmL_s2,controlled_symbolic_regime_language,DD-L,P250,2,250553,250000,0.002212,0,64,0.004744547884911299,0.02728731743991375,0.165188729763031,0.05471045896410942,2.7971713542938232,2.2235964278224856,,DD-L,/blue/uf-dsi/rvalle1/KAM/results/phase5/pilot/runs/p5_pilot_controlled_symbolic_regime_language_P250_DDmL_s2
p5_pilot_controlled_symbolic_regime_language_P250_KCmLV_s0,controlled_symbolic_regime_language,KC-LV,P250,0,250553,250000,0.002212,0,64,0.003433122066780925,0.06819256395101547,0.26113706827163696,0.03985293582081795,5.106144905090332,2.328505870886147,sampled_training_representation_keys,KC-LV,/blue/uf-dsi/rvalle1/KAM/results/phase5/pilot/runs/p5_pilot_controlled_symbolic_regime_language_P250_KCmLV_s0
p5_pilot_controlled_symbolic_regime_language_P250_KCmLV_s1,controlled_symbolic_regime_language,KC-LV,P250,1,250553,250000,0.002212,0,64,0.004179179668426514,0.03162331134080887,0.17782944440841675,0.04835914447903633,3.3730149269104004,2.0466854558326304,sampled_training_representation_keys,KC-LV,/blue/uf-dsi/rvalle1/KAM/results/phase5/pilot/runs/p5_pilot_controlled_symbolic_regime_language_P250_KCmLV_s1
p5_pilot_controlled_symbolic_regime_language_P250_KCmLV_s2,controlled_symbolic_regime_language,KC-LV,P250,2,250553,250000,0.002212,0,64,0.004992194008082151,0.028711603954434395,0.1694449931383133,0.05956370010972023,2.1181302070617676,2.0723252231255174,sampled_training_representation_keys,KC-LV,/blue/uf-dsi/rvalle1/KAM/results/phase5/pilot/runs/p5_pilot_controlled_symbolic_regime_language_P250_KCmLV_s2
p5_pilot_controlled_symbolic_regime_language_P250_RFF_s0,controlled_symbolic_regime_language,RFF,P250,0,249991,250000,3.6e-05,0,0,0.05166889727115631,1.0263062715530396,1.0130677223205566,0.18117834627628326,3.0551834106445312,0.5286004359368235,random_fourier_map,RFF,/blue/uf-dsi/rvalle1/KAM/results/phase5/pilot/runs/p5_pilot_controlled_symbolic_regime_language_P250_RFF_s0
p5_pilot_controlled_symbolic_regime_language_P250_RFF_s1,controlled_symbolic_regime_language,RFF,P250,1,249991,250000,3.6e-05,0,0,0.13908176124095917,1.0524137020111084,1.0258721113204956,0.2877550423145294,3.7404425144195557,0.5271564782597125,random_fourier_map,RFF,/blue/uf-dsi/rvalle1/KAM/results/phase5/pilot/runs/p5_pilot_controlled_symbolic_regime_language_P250_RFF_s1
p5_pilot_controlled_symbolic_regime_language_P250_RFF_s2,controlled_symbolic_regime_language,RFF,P250,2,249991,250000,3.6e-05,0,0,0.20801939070224762,1.19638192653656,1.09379243850708,0.33907774090766907,4.305034160614014,0.5227292771451175,random_fourier_map,RFF,/blue/uf-dsi/rvalle1/KAM/results/phase5/pilot/runs/p5_pilot_controlled_symbolic_regime_language_P250_RFF_s2
p5_pilot_controlled_symbolic_regime_language_P250_RFmFULL_s0,controlled_symbolic_regime_language,RF-FULL,P250,0,250553,250000,0.002212,0,64,0.006629379000514746,0.13168023526668549,0.3628776967525482,0.060148920863866806,3.712195873260498,1.2656852090731263,,RF-FULL,/blue/uf-dsi/rvalle1/KAM/results/phase5/pilot/runs/p5_pilot_controlled_symbolic_regime_language_P250_RFmFULL_s0
p5_pilot_controlled_symbolic_regime_language_P250_RFmFULL_s1,controlled_symbolic_regime_language,RF-FULL,P250,1,250553,250000,0.002212,0,64,0.010811657644808292,0.08181041479110718,0.28602519631385803,0.07866942882537842,3.7909185886383057,1.2379453650210053,,RF-FULL,/blue/uf-dsi/rvalle1/KAM/results/phase5/pilot/runs/p5_pilot_controlled_symbolic_regime_language_P250_RFmFULL_s1
p5_pilot_controlled_symbolic_regime_language_P250_RFmFULL_s2,controlled_symbolic_regime_language,RF-FULL,P250,2,250553,250000,0.002212,0,64,0.010290616191923618,0.059184420853853226,0.24327848851680756,0.07224780321121216,4.193859577178955,1.4465551250614226,,RF-FULL,/blue/uf-dsi/rvalle1/KAM/results/phase5/pilot/runs/p5_pilot_controlled_symbolic_regime_language_P250_RFmFULL_s2
p5_pilot_controlled_symbolic_regime_language_P250_RFmKV_s0,controlled_symbolic_regime_language,RF-KV,P250,0,250553,250000,0.002212,0,64,0.003250377019867301,0.06456267088651657,0.25409185886383057,0.04181554913520813,3.568122625350952,2.375314883887768,,RF-KV,/blue/uf-dsi/rvalle1/KAM/results/phase5/pilot/runs/p5_pilot_controlled_symbolic_regime_language_P250_RFmKV_s0
p5_pilot_controlled_symbolic_regime_language_P250_RFmKV_s1,controlled_symbolic_regime_language,RF-KV,P250,1,250553,250000,0.002212,0,64,0.004404815379530191,0.03333066776394844,0.18256688117980957,0.0477835051715374,3.515204906463623,2.060117645887658,,RF-KV,/blue/uf-dsi/rvalle1/KAM/results/phase5/pilot/runs/p5_pilot_controlled_symbolic_regime_language_P250_RFmKV_s1
p5_pilot_controlled_symbolic_regime_language_P250_RFmKV_s2,controlled_symbolic_regime_language,RF-KV,P250,2,250553,250000,0.002212,0,64,0.004728041123598814,0.027192382141947746,0.16490112245082855,0.054597217589616776,2.785055160522461,2.3707348383031785,,RF-KV,/blue/uf-dsi/rvalle1/KAM/results/phase5/pilot/runs/p5_pilot_controlled_symbolic_regime_language_P250_RFmKV_s2
p5_pilot_switching_mackey_glass_controlled_P1M_D0_s0,switching_mackey_glass_controlled,D0,P1M,0,1001853,1000000,0.001853,0,64,0.0062782433815300465,0.028139131143689156,0.16774722933769226,0.06405505537986755,2.8162665367126465,1.6646784578915685,,D0,/blue/uf-dsi/rvalle1/KAM/results/phase5/pilot/runs/p5_pilot_switching_mackey_glass_controlled_P1M_D0_s0
p5_pilot_switching_mackey_glass_controlled_P1M_D0_s1,switching_mackey_glass_controlled,D0,P1M,1,1001853,1000000,0.001853,0,64,0.004049275536090136,0.049009256064891815,0.221380352973938,0.04573458433151245,3.990049362182617,1.6259678550995886,,D0,/blue/uf-dsi/rvalle1/KAM/results/phase5/pilot/runs/p5_pilot_switching_mackey_glass_controlled_P1M_D0_s1
p5_pilot_switching_mackey_glass_controlled_P1M_D0_s2,switching_mackey_glass_controlled,D0,P1M,2,1001853,1000000,0.001853,0,64,0.0052837710827589035,0.036164142191410065,0.19016872346401215,0.0478864349424839,3.2122862339019775,1.839492472819984,,D0,/blue/uf-dsi/rvalle1/KAM/results/phase5/pilot/runs/p5_pilot_switching_mackey_glass_controlled_P1M_D0_s2
p5_pilot_switching_mackey_glass_controlled_P1M_DDmL_s0,switching_mackey_glass_controlled,DD-L,P1M,0,999801,1000000,0.000199,0,64,0.007403133437037468,0.03318089619278908,0.1821562498807907,0.06204356253147125,4.148929595947266,2.5885474970564246,,DD-L,/blue/uf-dsi/rvalle1/KAM/results/phase5/pilot/runs/p5_pilot_switching_mackey_glass_controlled_P1M_DDmL_s0
p5_pilot_switching_mackey_glass_controlled_P1M_DDmL_s1,switching_mackey_glass_controlled,DD-L,P1M,1,999801,1000000,0.000199,0,64,0.0034552968572825193,0.04182020202279091,0.20449988543987274,0.04493189975619316,3.1855967044830322,2.2937465070281178,,DD-L,/blue/uf-dsi/rvalle1/KAM/results/phase5/pilot/runs/p5_pilot_switching_mackey_glass_controlled_P1M_DDmL_s1
p5_pilot_switching_mackey_glass_controlled_P1M_DDmL_s2,switching_mackey_glass_controlled,DD-L,P1M,2,999801,1000000,0.000199,0,64,0.007117183413356543,0.04871271550655365,0.22070957720279694,0.05419496074318886,3.1557722091674805,2.255018783034757,,DD-L,/blue/uf-dsi/rvalle1/KAM/results/phase5/pilot/runs/p5_pilot_switching_mackey_glass_controlled_P1M_DDmL_s2
p5_pilot_switching_mackey_glass_controlled_P1M_KCmLV_s0,switching_mackey_glass_controlled,KC-LV,P1M,0,999801,1000000,0.000199,0,64,0.005565394181758165,0.024944135919213295,0.15793712437152863,0.057226624339818954,3.8758902549743652,2.1642701900564134,sampled_training_representation_keys,KC-LV,/blue/uf-dsi/rvalle1/KAM/results/phase5/pilot/runs/p5_pilot_switching_mackey_glass_controlled_P1M_KCmLV_s0
p5_pilot_switching_mackey_glass_controlled_P1M_KCmLV_s1,switching_mackey_glass_controlled,KC-LV,P1M,1,999801,1000000,0.000199,0,64,0.0037736149970442057,0.04567287489771843,0.21371214091777802,0.04107620194554329,5.621705055236816,2.1594703879673034,sampled_training_representation_keys,KC-LV,/blue/uf-dsi/rvalle1/KAM/results/phase5/pilot/runs/p5_pilot_switching_mackey_glass_controlled_P1M_KCmLV_s1
p5_pilot_switching_mackey_glass_controlled_P1M_KCmLV_s2,switching_mackey_glass_controlled,KC-LV,P1M,2,999801,1000000,0.000199,0,64,0.006961679086089134,0.04764838516712189,0.21828509867191315,0.05533144250512123,3.274712085723877,2.4309070450253785,sampled_training_representation_keys,KC-LV,/blue/uf-dsi/rvalle1/KAM/results/phase5/pilot/runs/p5_pilot_switching_mackey_glass_controlled_P1M_KCmLV_s2
p5_pilot_switching_mackey_glass_controlled_P1M_RFF_s0,switching_mackey_glass_controlled,RFF,P1M,0,999961,1000000,3.9e-05,0,0,0.24691087007522583,1.1066563129425049,1.051977276802063,0.3923124372959137,3.240373134613037,0.5216128828469664,random_fourier_map,RFF,/blue/uf-dsi/rvalle1/KAM/results/phase5/pilot/runs/p5_pilot_switching_mackey_glass_controlled_P1M_RFF_s0
p5_pilot_switching_mackey_glass_controlled_P1M_RFF_s1,switching_mackey_glass_controlled,RFF,P1M,1,999961,1000000,3.9e-05,0,0,0.08425426483154297,1.0197474956512451,1.0098254680633545,0.22443480789661407,3.447272300720215,0.5405497099272907,random_fourier_map,RFF,/blue/uf-dsi/rvalle1/KAM/results/phase5/pilot/runs/p5_pilot_switching_mackey_glass_controlled_P1M_RFF_s1
p5_pilot_switching_mackey_glass_controlled_P1M_RFF_s2,switching_mackey_glass_controlled,RFF,P1M,2,999961,1000000,3.9e-05,0,0,0.18449024856090546,1.2627216577529907,1.123708963394165,0.31971484422683716,4.301365852355957,1.056269088992849,random_fourier_map,RFF,/blue/uf-dsi/rvalle1/KAM/results/phase5/pilot/runs/p5_pilot_switching_mackey_glass_controlled_P1M_RFF_s2
p5_pilot_switching_mackey_glass_controlled_P1M_RFmFULL_s0,switching_mackey_glass_controlled,RF-FULL,P1M,0,999801,1000000,0.000199,0,64,0.01922527328133583,0.08616781234741211,0.2935435473918915,0.10379038006067276,3.861497402191162,1.2856331740040332,,RF-FULL,/blue/uf-dsi/rvalle1/KAM/results/phase5/pilot/runs/p5_pilot_switching_mackey_glass_controlled_P1M_RFmFULL_s0
p5_pilot_switching_mackey_glass_controlled_P1M_RFmFULL_s1,switching_mackey_glass_controlled,RF-FULL,P1M,1,999801,1000000,0.000199,0,64,0.005224390421062708,0.0632319226861,0.2514595687389374,0.05003729462623596,5.207679271697998,1.4497701358050108,,RF-FULL,/blue/uf-dsi/rvalle1/KAM/results/phase5/pilot/runs/p5_pilot_switching_mackey_glass_controlled_P1M_RFmFULL_s1
p5_pilot_switching_mackey_glass_controlled_P1M_RFmFULL_s2,switching_mackey_glass_controlled,RF-FULL,P1M,2,999801,1000000,0.000199,0,64,0.007226546760648489,0.0494612418115139,0.22239883244037628,0.05701163411140442,5.2117695808410645,1.5006819812115282,,RF-FULL,/blue/uf-dsi/rvalle1/KAM/results/phase5/pilot/runs/p5_pilot_switching_mackey_glass_controlled_P1M_RFmFULL_s2
p5_pilot_switching_mackey_glass_controlled_P1M_RFmKV_s0,switching_mackey_glass_controlled,RF-KV,P1M,0,999801,1000000,0.000199,0,64,0.007733343634754419,0.03466090187430382,0.18617437779903412,0.06340745836496353,4.124310493469238,2.3956444007344544,,RF-KV,/blue/uf-dsi/rvalle1/KAM/results/phase5/pilot/runs/p5_pilot_switching_mackey_glass_controlled_P1M_RFmKV_s0
p5_pilot_switching_mackey_glass_controlled_P1M_RFmKV_s1,switching_mackey_glass_controlled,RF-KV,P1M,1,999801,1000000,0.000199,0,64,0.0034766627941280603,0.04207880049943924,0.2051311731338501,0.04536066949367523,3.096493721008301,2.4527088501490653,,RF-KV,/blue/uf-dsi/rvalle1/KAM/results/phase5/pilot/runs/p5_pilot_switching_mackey_glass_controlled_P1M_RFmKV_s1
p5_pilot_switching_mackey_glass_controlled_P1M_RFmKV_s2,switching_mackey_glass_controlled,RF-KV,P1M,2,999801,1000000,0.000199,0,64,0.007757777813822031,0.0530971884727478,0.23042826354503632,0.057651083916425705,3.8284125328063965,2.167536830995232,,RF-KV,/blue/uf-dsi/rvalle1/KAM/results/phase5/pilot/runs/p5_pilot_switching_mackey_glass_controlled_P1M_RFmKV_s2
p5_pilot_switching_mackey_glass_controlled_P250_D0_s0,switching_mackey_glass_controlled,D0,P250,0,249969,250000,0.000124,0,64,0.004617139231413603,0.03005777858197689,0.1733717918395996,0.04894155263900757,5.000664234161377,1.5701042341534048,,D0,/blue/uf-dsi/rvalle1/KAM/results/phase5/pilot/runs/p5_pilot_switching_mackey_glass_controlled_P250_D0_s0
p5_pilot_switching_mackey_glass_controlled_P250_D0_s1,switching_mackey_glass_controlled,D0,P250,1,249969,250000,0.000124,0,64,0.004622291307896376,0.05930529907345772,0.24352678656578064,0.055009376257658005,2.5754501819610596,1.7985191168263555,,D0,/blue/uf-dsi/rvalle1/KAM/results/phase5/pilot/runs/p5_pilot_switching_mackey_glass_controlled_P250_D0_s1
p5_pilot_switching_mackey_glass_controlled_P250_D0_s2,switching_mackey_glass_controlled,D0,P250,2,249969,250000,0.000124,0,64,0.0026430191937834024,0.03861013799905777,0.19649462401866913,0.043101176619529724,2.1636128425598145,1.8374855190049857,,D0,/blue/uf-dsi/rvalle1/KAM/results/phase5/pilot/runs/p5_pilot_switching_mackey_glass_controlled_P250_D0_s2
p5_pilot_switching_mackey_glass_controlled_P250_DDmL_s0,switching_mackey_glass_controlled,DD-L,P250,0,250553,250000,0.002212,0,64,0.004350464791059494,0.02832171693444252,0.16829057037830353,0.04848114028573036,3.9176290035247803,2.2320940899662673,,DD-L,/blue/uf-dsi/rvalle1/KAM/results/phase5/pilot/runs/p5_pilot_switching_mackey_glass_controlled_P250_DDmL_s0
p5_pilot_switching_mackey_glass_controlled_P250_DDmL_s1,switching_mackey_glass_controlled,DD-L,P250,1,250553,250000,0.002212,0,64,0.004577317740768194,0.05872827395796776,0.24233917891979218,0.05417487025260925,2.7375078201293945,2.5124730539973825,,DD-L,/blue/uf-dsi/rvalle1/KAM/results/phase5/pilot/runs/p5_pilot_switching_mackey_glass_controlled_P250_DDmL_s1
p5_pilot_switching_mackey_glass_controlled_P250_DDmL_s2,switching_mackey_glass_controlled,DD-L,P250,2,250553,250000,0.002212,0,64,0.002193253953009844,0.032039813697338104,0.17899668216705322,0.03228078782558441,5.552206516265869,2.513312098570168,,DD-L,/blue/uf-dsi/rvalle1/KAM/results/phase5/pilot/runs/p5_pilot_switching_mackey_glass_controlled_P250_DDmL_s2
p5_pilot_switching_mackey_glass_controlled_P250_KCmLV_s0,switching_mackey_glass_controlled,KC-LV,P250,0,250553,250000,0.002212,0,64,0.004250107333064079,0.027668384835124016,0.16633816063404083,0.05083676800131798,3.224750280380249,2.388598836027086,sampled_training_representation_keys,KC-LV,/blue/uf-dsi/rvalle1/KAM/results/phase5/pilot/runs/p5_pilot_switching_mackey_glass_controlled_P250_KCmLV_s0
p5_pilot_switching_mackey_glass_controlled_P250_KCmLV_s1,switching_mackey_glass_controlled,KC-LV,P250,1,250553,250000,0.002212,0,64,0.0037398275453597307,0.047983039170503616,0.2190503180027008,0.04858919978141785,3.176715850830078,2.385202564066276,sampled_training_representation_keys,KC-LV,/blue/uf-dsi/rvalle1/KAM/results/phase5/pilot/runs/p5_pilot_switching_mackey_glass_controlled_P250_KCmLV_s1
p5_pilot_switching_mackey_glass_controlled_P250_KCmLV_s2,switching_mackey_glass_controlled,KC-LV,P250,2,250553,250000,0.002212,0,64,0.002192643703892827,0.032030899077653885,0.1789717823266983,0.036717478185892105,3.1026523113250732,2.087111731991172,sampled_training_representation_keys,KC-LV,/blue/uf-dsi/rvalle1/KAM/results/phase5/pilot/runs/p5_pilot_switching_mackey_glass_controlled_P250_KCmLV_s2
p5_pilot_switching_mackey_glass_controlled_P250_RFF_s0,switching_mackey_glass_controlled,RFF,P250,0,249991,250000,3.6e-05,0,0,0.1921408772468567,1.2508455514907837,1.1184120178222656,0.29847922921180725,5.15247917175293,0.4806091801729053,random_fourier_map,RFF,/blue/uf-dsi/rvalle1/KAM/results/phase5/pilot/runs/p5_pilot_switching_mackey_glass_controlled_P250_RFF_s0
p5_pilot_switching_mackey_glass_controlled_P250_RFF_s1,switching_mackey_glass_controlled,RFF,P250,1,249991,250000,3.6e-05,0,0,0.07993564754724503,1.0255968570709229,1.0127174854278564,0.23167993128299713,2.810758590698242,0.5417427509091794,random_fourier_map,RFF,/blue/uf-dsi/rvalle1/KAM/results/phase5/pilot/runs/p5_pilot_switching_mackey_glass_controlled_P250_RFF_s1
p5_pilot_switching_mackey_glass_controlled_P250_RFF_s2,switching_mackey_glass_controlled,RFF,P250,2,249991,250000,3.6e-05,0,0,0.07107435166835785,1.0382786989212036,1.018959641456604,0.21340219676494598,2.8558566570281982,0.5317568560130894,random_fourier_map,RFF,/blue/uf-dsi/rvalle1/KAM/results/phase5/pilot/runs/p5_pilot_switching_mackey_glass_controlled_P250_RFF_s2
p5_pilot_switching_mackey_glass_controlled_P250_RFmFULL_s0,switching_mackey_glass_controlled,RF-FULL,P250,0,250553,250000,0.002212,0,64,0.014570511877536774,0.09485466778278351,0.307984858751297,0.0729207918047905,7.686088562011719,1.4067063368856907,,RF-FULL,/blue/uf-dsi/rvalle1/KAM/results/phase5/pilot/runs/p5_pilot_switching_mackey_glass_controlled_P250_RFmFULL_s0
p5_pilot_switching_mackey_glass_controlled_P250_RFmFULL_s1,switching_mackey_glass_controlled,RF-FULL,P250,1,250553,250000,0.002212,0,64,0.008464883081614971,0.10860683023929596,0.3295555114746094,0.06721735745668411,4.093139171600342,1.260365777881816,,RF-FULL,/blue/uf-dsi/rvalle1/KAM/results/phase5/pilot/runs/p5_pilot_switching_mackey_glass_controlled_P250_RFmFULL_s1
p5_pilot_switching_mackey_glass_controlled_P250_RFmFULL_s2,switching_mackey_glass_controlled,RF-FULL,P250,2,250553,250000,0.002212,0,64,0.005295833107084036,0.07736336439847946,0.27814269065856934,0.05336393415927887,4.18223237991333,1.2489005879033357,,RF-FULL,/blue/uf-dsi/rvalle1/KAM/results/phase5/pilot/runs/p5_pilot_switching_mackey_glass_controlled_P250_RFmFULL_s2
p5_pilot_switching_mackey_glass_controlled_P250_RFmKV_s0,switching_mackey_glass_controlled,RF-KV,P250,0,250553,250000,0.002212,0,64,0.004478957504034042,0.029158208519220352,0.1707577407360077,0.048909831792116165,3.8779854774475098,2.0778079729061574,,RF-KV,/blue/uf-dsi/rvalle1/KAM/results/phase5/pilot/runs/p5_pilot_switching_mackey_glass_controlled_P250_RFmKV_s0
p5_pilot_switching_mackey_glass_controlled_P250_RFmKV_s1,switching_mackey_glass_controlled,RF-KV,P250,1,250553,250000,0.002212,0,64,0.004600155632942915,0.05902129039168358,0.24294297397136688,0.05454983934760094,2.7799723148345947,2.3785669319331646,,RF-KV,/blue/uf-dsi/rvalle1/KAM/results/phase5/pilot/runs/p5_pilot_switching_mackey_glass_controlled_P250_RFmKV_s1
p5_pilot_switching_mackey_glass_controlled_P250_RFmKV_s2,switching_mackey_glass_controlled,RF-KV,P250,2,250553,250000,0.002212,0,64,0.0020381882786750793,0.029774559661746025,0.17255306243896484,0.030250614508986473,5.823792934417725,2.0587551242206246,,RF-KV,/blue/uf-dsi/rvalle1/KAM/results/phase5/pilot/runs/p5_pilot_switching_mackey_glass_controlled_P250_RFmKV_s2
p5_pilot_switching_narma_controlled_P1M_D0_s0,switching_narma_controlled,D0,P1M,0,1001853,1000000,0.001853,0,64,0.006034283433109522,0.023952344432473183,0.15476545691490173,0.054494667798280716,4.278115749359131,1.6312460778281093,,D0,/blue/uf-dsi/rvalle1/KAM/results/phase5/pilot/runs/p5_pilot_switching_narma_controlled_P1M_D0_s0
p5_pilot_switching_narma_controlled_P1M_D0_s1,switching_narma_controlled,D0,P1M,1,1001853,1000000,0.001853,0,64,0.004308569710701704,0.05037759989500046,0.2244495451450348,0.04884551838040352,3.848970413208008,1.6228224360384047,,D0,/blue/uf-dsi/rvalle1/KAM/results/phase5/pilot/runs/p5_pilot_switching_narma_controlled_P1M_D0_s1
p5_pilot_switching_narma_controlled_P1M_D0_s2,switching_narma_controlled,D0,P1M,2,1001853,1000000,0.001853,0,64,0.0023928836453706026,0.01573430746793747,0.125436469912529,0.039763789623975754,2.6471052169799805,1.8014240339398384,,D0,/blue/uf-dsi/rvalle1/KAM/results/phase5/pilot/runs/p5_pilot_switching_narma_controlled_P1M_D0_s2
p5_pilot_switching_narma_controlled_P1M_DDmL_s0,switching_narma_controlled,DD-L,P1M,0,999801,1000000,0.000199,0,64,0.005040004383772612,0.02000567689538002,0.14144141972064972,0.059784259647130966,2.236466646194458,2.2587342858314514,,DD-L,/blue/uf-dsi/rvalle1/KAM/results/phase5/pilot/runs/p5_pilot_switching_narma_controlled_P1M_DDmL_s0
p5_pilot_switching_narma_controlled_P1M_DDmL_s1,switching_narma_controlled,DD-L,P1M,1,999801,1000000,0.000199,0,64,0.0031487380620092154,0.03681636229157448,0.1918759047985077,0.0384674109518528,3.416092872619629,2.5447543752379715,,DD-L,/blue/uf-dsi/rvalle1/KAM/results/phase5/pilot/runs/p5_pilot_switching_narma_controlled_P1M_DDmL_s1
p5_pilot_switching_narma_controlled_P1M_DDmL_s2,switching_narma_controlled,DD-L,P1M,2,999801,1000000,0.000199,0,64,0.0023358850739896297,0.015359516255557537,0.12393351644277573,0.0375279001891613,3.268594741821289,2.6019173287786543,,DD-L,/blue/uf-dsi/rvalle1/KAM/results/phase5/pilot/runs/p5_pilot_switching_narma_controlled_P1M_DDmL_s2
p5_pilot_switching_narma_controlled_P1M_KCmLV_s0,switching_narma_controlled,KC-LV,P1M,0,999801,1000000,0.000199,0,64,0.0053733643144369125,0.02132890745997429,0.14604419469833374,0.0525338351726532,4.253902435302734,2.152138056932017,sampled_training_representation_keys,KC-LV,/blue/uf-dsi/rvalle1/KAM/results/phase5/pilot/runs/p5_pilot_switching_narma_controlled_P1M_KCmLV_s0
p5_pilot_switching_narma_controlled_P1M_KCmLV_s1,switching_narma_controlled,KC-LV,P1M,1,999801,1000000,0.000199,0,64,0.00395699730142951,0.04626686871051788,0.2150973528623581,0.04856966808438301,2.866676092147827,2.7401572801172733,sampled_training_representation_keys,KC-LV,/blue/uf-dsi/rvalle1/KAM/results/phase5/pilot/runs/p5_pilot_switching_narma_controlled_P1M_KCmLV_s1
p5_pilot_switching_narma_controlled_P1M_KCmLV_s2,switching_narma_controlled,KC-LV,P1M,2,999801,1000000,0.000199,0,64,0.0026700757443904877,0.017556972801685333,0.1325027197599411,0.04396026208996773,2.071284294128418,2.406602307688445,sampled_training_representation_keys,KC-LV,/blue/uf-dsi/rvalle1/KAM/results/phase5/pilot/runs/p5_pilot_switching_narma_controlled_P1M_KCmLV_s2
p5_pilot_switching_narma_controlled_P1M_RFF_s0,switching_narma_controlled,RFF,P1M,0,999961,1000000,3.9e-05,0,0,0.3272152841091156,1.2988407611846924,1.1396669149398804,0.45121511816978455,3.4800662994384766,0.48734221793711185,random_fourier_map,RFF,/blue/uf-dsi/rvalle1/KAM/results/phase5/pilot/runs/p5_pilot_switching_narma_controlled_P1M_RFF_s0
p5_pilot_switching_narma_controlled_P1M_RFF_s1,switching_narma_controlled,RFF,P1M,1,999961,1000000,3.9e-05,0,0,0.09705585986375809,1.1348177194595337,1.065278172492981,0.23474229872226715,3.7040069103240967,0.5179089149460196,random_fourier_map,RFF,/blue/uf-dsi/rvalle1/KAM/results/phase5/pilot/runs/p5_pilot_switching_narma_controlled_P1M_RFF_s1
p5_pilot_switching_narma_controlled_P1M_RFF_s2,switching_narma_controlled,RFF,P1M,2,999961,1000000,3.9e-05,0,0,0.15084217488765717,0.9918565154075623,0.995919942855835,0.2982041835784912,3.6289656162261963,0.5743645648472011,random_fourier_map,RFF,/blue/uf-dsi/rvalle1/KAM/results/phase5/pilot/runs/p5_pilot_switching_narma_controlled_P1M_RFF_s2
p5_pilot_switching_narma_controlled_P1M_RFmFULL_s0,switching_narma_controlled,RF-FULL,P1M,0,999801,1000000,0.000199,0,64,0.01257616002112627,0.04991951584815979,0.22342675924301147,0.08080532401800156,4.425441741943359,1.7079483300913125,,RF-FULL,/blue/uf-dsi/rvalle1/KAM/results/phase5/pilot/runs/p5_pilot_switching_narma_controlled_P1M_RFmFULL_s0
p5_pilot_switching_narma_controlled_P1M_RFmFULL_s1,switching_narma_controlled,RF-FULL,P1M,1,999801,1000000,0.000199,0,64,0.008507038466632366,0.09946785122156143,0.31538525223731995,0.06461817026138306,4.656322002410889,1.3271062921267003,,RF-FULL,/blue/uf-dsi/rvalle1/KAM/results/phase5/pilot/runs/p5_pilot_switching_narma_controlled_P1M_RFmFULL_s1
p5_pilot_switching_narma_controlled_P1M_RFmFULL_s2,switching_narma_controlled,RF-FULL,P1M,2,999801,1000000,0.000199,0,64,0.006321421358734369,0.04156624525785446,0.2038780152797699,0.06043911352753639,3.2962350845336914,1.3434401808772236,,RF-FULL,/blue/uf-dsi/rvalle1/KAM/results/phase5/pilot/runs/p5_pilot_switching_narma_controlled_P1M_RFmFULL_s2
p5_pilot_switching_narma_controlled_P1M_RFmKV_s0,switching_narma_controlled,RF-KV,P1M,0,999801,1000000,0.000199,0,64,0.005375554785132408,0.0213376022875309,0.14607396721839905,0.06123367324471474,2.279235363006592,2.145408655051142,,RF-KV,/blue/uf-dsi/rvalle1/KAM/results/phase5/pilot/runs/p5_pilot_switching_narma_controlled_P1M_RFmKV_s0
p5_pilot_switching_narma_controlled_P1M_RFmKV_s1,switching_narma_controlled,RF-KV,P1M,1,999801,1000000,0.000199,0,64,0.0029150526970624924,0.0340840145945549,0.18461856245994568,0.03517948463559151,4.235988616943359,2.1565375190693885,,RF-KV,/blue/uf-dsi/rvalle1/KAM/results/phase5/pilot/runs/p5_pilot_switching_narma_controlled_P1M_RFmKV_s1
p5_pilot_switching_narma_controlled_P1M_RFmKV_s2,switching_narma_controlled,RF-KV,P1M,2,999801,1000000,0.000199,0,64,0.0026650226209312677,0.01752374693751335,0.1323772817850113,0.03884202986955643,3.745051622390747,2.3931796150282025,,RF-KV,/blue/uf-dsi/rvalle1/KAM/results/phase5/pilot/runs/p5_pilot_switching_narma_controlled_P1M_RFmKV_s2
p5_pilot_switching_narma_controlled_P250_D0_s0,switching_narma_controlled,D0,P250,0,249969,250000,0.000124,0,64,0.004269633907824755,0.05335580185055733,0.2309887409210205,0.04842841252684593,4.200961112976074,1.7826428669504821,,D0,/blue/uf-dsi/rvalle1/KAM/results/phase5/pilot/runs/p5_pilot_switching_narma_controlled_P250_D0_s0
p5_pilot_switching_narma_controlled_P250_D0_s1,switching_narma_controlled,D0,P250,1,249969,250000,0.000124,0,64,0.004887614399194717,0.033517252653837204,0.18307718634605408,0.047075722366571426,5.353506088256836,1.7204362940974534,,D0,/blue/uf-dsi/rvalle1/KAM/results/phase5/pilot/runs/p5_pilot_switching_narma_controlled_P250_D0_s1
p5_pilot_switching_narma_controlled_P250_D0_s2,switching_narma_controlled,D0,P250,2,249969,250000,0.000124,0,64,0.006147242616862059,0.04176928475499153,0.20437535643577576,0.0585126094520092,3.3001883029937744,1.6133010790217668,,D0,/blue/uf-dsi/rvalle1/KAM/results/phase5/pilot/runs/p5_pilot_switching_narma_controlled_P250_D0_s2
p5_pilot_switching_narma_controlled_P250_DDmL_s0,switching_narma_controlled,DD-L,P250,0,250553,250000,0.002212,0,64,0.006494512781500816,0.08115916699171066,0.2848844826221466,0.0543656200170517,5.885797500610352,2.189852983923629,,DD-L,/blue/uf-dsi/rvalle1/KAM/results/phase5/pilot/runs/p5_pilot_switching_narma_controlled_P250_DDmL_s0
p5_pilot_switching_narma_controlled_P250_DDmL_s1,switching_narma_controlled,DD-L,P250,1,250553,250000,0.002212,0,64,0.004772379994392395,0.03272702172398567,0.18090611696243286,0.048978835344314575,4.027682781219482,2.49125601304695,,DD-L,/blue/uf-dsi/rvalle1/KAM/results/phase5/pilot/runs/p5_pilot_switching_narma_controlled_P250_DDmL_s1
p5_pilot_switching_narma_controlled_P250_DDmL_s2,switching_narma_controlled,DD-L,P250,2,250553,250000,0.002212,0,64,0.009616857394576073,0.06534462422132492,0.25562596321105957,0.0710766389966011,3.9154019355773926,2.374344940064475,,DD-L,/blue/uf-dsi/rvalle1/KAM/results/phase5/pilot/runs/p5_pilot_switching_narma_controlled_P250_DDmL_s2
p5_pilot_switching_narma_controlled_P250_KCmLV_s0,switching_narma_controlled,KC-LV,P250,0,250553,250000,0.002212,0,64,0.004837081301957369,0.060446951538324356,0.24585962295532227,0.05114871263504028,4.134312152862549,2.274590251967311,sampled_training_representation_keys,KC-LV,/blue/uf-dsi/rvalle1/KAM/results/phase5/pilot/runs/p5_pilot_switching_narma_controlled_P250_KCmLV_s0
p5_pilot_switching_narma_controlled_P250_KCmLV_s1,switching_narma_controlled,KC-LV,P250,1,250553,250000,0.002212,0,64,0.005346047226339579,0.036660995334386826,0.19147060811519623,0.05646257475018501,3.140556812286377,2.370676936581731,sampled_training_representation_keys,KC-LV,/blue/uf-dsi/rvalle1/KAM/results/phase5/pilot/runs/p5_pilot_switching_narma_controlled_P250_KCmLV_s1
p5_pilot_switching_narma_controlled_P250_KCmLV_s2,switching_narma_controlled,KC-LV,P250,2,250553,250000,0.002212,0,64,0.009160888381302357,0.062246404588222504,0.24949230253696442,0.07081180065870285,3.6743743419647217,2.08601977606304,sampled_training_representation_keys,KC-LV,/blue/uf-dsi/rvalle1/KAM/results/phase5/pilot/runs/p5_pilot_switching_narma_controlled_P250_KCmLV_s2
p5_pilot_switching_narma_controlled_P250_RFF_s0,switching_narma_controlled,RFF,P250,0,249991,250000,3.6e-05,0,0,0.0819234699010849,1.023762822151184,1.01181161403656,0.2180580347776413,3.8060240745544434,0.4838201361708343,random_fourier_map,RFF,/blue/uf-dsi/rvalle1/KAM/results/phase5/pilot/runs/p5_pilot_switching_narma_controlled_P250_RFF_s0
p5_pilot_switching_narma_controlled_P250_RFF_s1,switching_narma_controlled,RFF,P250,1,249991,250000,3.6e-05,0,0,0.19523292779922485,1.3388272523880005,1.1570770740509033,0.3586353361606598,2.6235153675079346,0.5244462450500578,random_fourier_map,RFF,/blue/uf-dsi/rvalle1/KAM/results/phase5/pilot/runs/p5_pilot_switching_narma_controlled_P250_RFF_s1
p5_pilot_switching_narma_controlled_P250_RFF_s2,switching_narma_controlled,RFF,P250,2,249991,250000,3.6e-05,0,0,0.2416001558303833,1.6416248083114624,1.2812590599060059,0.38534533977508545,3.141056537628174,0.5101762833073735,random_fourier_map,RFF,/blue/uf-dsi/rvalle1/KAM/results/phase5/pilot/runs/p5_pilot_switching_narma_controlled_P250_RFF_s2
p5_pilot_switching_narma_controlled_P250_RFmFULL_s0,switching_narma_controlled,RF-FULL,P250,0,250553,250000,0.002212,0,64,0.007704775780439377,0.09628330916166306,0.3102955222129822,0.06329000741243362,4.475239276885986,1.40413834201172,,RF-FULL,/blue/uf-dsi/rvalle1/KAM/results/phase5/pilot/runs/p5_pilot_switching_narma_controlled_P250_RFmFULL_s0
p5_pilot_switching_narma_controlled_P250_RFmFULL_s1,switching_narma_controlled,RF-FULL,P250,1,250553,250000,0.002212,0,64,0.013269975781440735,0.0910000428557396,0.3016621470451355,0.08667813986539841,3.5827858448028564,1.269116003997624,,RF-FULL,/blue/uf-dsi/rvalle1/KAM/results/phase5/pilot/runs/p5_pilot_switching_narma_controlled_P250_RFmFULL_s1
p5_pilot_switching_narma_controlled_P250_RFmFULL_s2,switching_narma_controlled,RF-FULL,P250,2,250553,250000,0.002212,0,64,0.0347101204097271,0.2358483374118805,0.4856421947479248,0.15659505128860474,2.4688942432403564,1.8128291270695627,,RF-FULL,/blue/uf-dsi/rvalle1/KAM/results/phase5/pilot/runs/p5_pilot_switching_narma_controlled_P250_RFmFULL_s2
p5_pilot_switching_narma_controlled_P250_RFmKV_s0,switching_narma_controlled,RF-KV,P250,0,250553,250000,0.002212,0,64,0.006360749248415232,0.07948757708072662,0.2819354236125946,0.053653549402952194,6.231502532958984,2.09365295805037,,RF-KV,/blue/uf-dsi/rvalle1/KAM/results/phase5/pilot/runs/p5_pilot_switching_narma_controlled_P250_RFmKV_s0
p5_pilot_switching_narma_controlled_P250_RFmKV_s1,switching_narma_controlled,RF-KV,P250,1,250553,250000,0.002212,0,64,0.004778618458658457,0.03276980295777321,0.18102431297302246,0.04891433194279671,3.9211506843566895,2.087544118054211,,RF-KV,/blue/uf-dsi/rvalle1/KAM/results/phase5/pilot/runs/p5_pilot_switching_narma_controlled_P250_RFmKV_s1
p5_pilot_switching_narma_controlled_P250_RFmKV_s2,switching_narma_controlled,RF-KV,P250,2,250553,250000,0.002212,0,64,0.00954486709088087,0.06485546380281448,0.25466734170913696,0.07076887041330338,3.951136350631714,2.260136380791664,,RF-KV,/blue/uf-dsi/rvalle1/KAM/results/phase5/pilot/runs/p5_pilot_switching_narma_controlled_P250_RFmKV_s2
